fold,half_life_days,l2,fit_seconds,alpha,beta,gamma,fund_loss,n_features,ALL_n_entries,ALL_n_races,ALL_itm_base_rate,ALL_log_loss,ALL_brier,ALL_ece,ALL_corr_logit_pf_pm,ALL_log_loss_market,ALL_log_loss_fund,ALL_log_loss_vs_market_pct,ALL_itm_hit_top3,ALL_itm_precision_top3,ALL_itm_hit_top4,ALL_itm_precision_top4,ALL_itm_full_sweep_top3,ALL_longshot_n,ALL_longshot_hits,ALL_longshot_precision,ALL_longshot_base_itm_rate,GP_n_entries,GP_n_races,GP_itm_base_rate,GP_log_loss,GP_brier,GP_ece,GP_corr_logit_pf_pm,GP_log_loss_market,GP_log_loss_fund,GP_log_loss_vs_market_pct,GP_itm_hit_top3,GP_itm_precision_top3,GP_itm_hit_top4,GP_itm_precision_top4,GP_itm_full_sweep_top3,GP_longshot_n,GP_longshot_hits,GP_longshot_precision,GP_longshot_base_itm_rate,CT_n_entries,CT_n_races,CT_itm_base_rate,CT_log_loss,CT_brier,CT_ece,CT_corr_logit_pf_pm,CT_log_loss_market,CT_log_loss_fund,CT_log_loss_vs_market_pct,CT_itm_hit_top3,CT_itm_precision_top3,CT_itm_hit_top4,CT_itm_precision_top4,CT_itm_full_sweep_top3,CT_longshot_n,CT_longshot_hits,CT_longshot_precision,CT_longshot_base_itm_rate,MNR_n_entries,MNR_n_races,MNR_itm_base_rate,MNR_log_loss,MNR_brier,MNR_ece,MNR_corr_logit_pf_pm,MNR_log_loss_market,MNR_log_loss_fund,MNR_log_loss_vs_market_pct,MNR_itm_hit_top3,MNR_itm_precision_top3,MNR_itm_hit_top4,MNR_itm_precision_top4,MNR_itm_full_sweep_top3,MNR_longshot_n,MNR_longshot_hits,MNR_longshot_precision,MNR_longshot_base_itm_rate,CT+MNR_n_entries,CT+MNR_n_races,CT+MNR_itm_base_rate,CT+MNR_log_loss,CT+MNR_brier,CT+MNR_ece,CT+MNR_corr_logit_pf_pm,CT+MNR_log_loss_market,CT+MNR_log_loss_fund,CT+MNR_log_loss_vs_market_pct,CT+MNR_itm_hit_top3,CT+MNR_itm_precision_top3,CT+MNR_itm_hit_top4,CT+MNR_itm_precision_top4,CT+MNR_itm_full_sweep_top3,CT+MNR_longshot_n,CT+MNR_longshot_hits,CT+MNR_longshot_precision,CT+MNR_longshot_base_itm_rate
fold_val2023,365.25,0.001,2.3869708999991417,0.09686795684899367,0.8036594713542556,-0.0393756470106245,14277.376609519566,203,31345,4145,0.39575689902695804,0.551358846341051,0.18674904163556183,0.010707562245927645,0.6036245758477436,0.5545806529413022,0.6126903133090189,0.5809446440592253,0.9778045838359469,0.6245275432247688,0.9939686369119421,0.5702653799758746,0.16960193003618818,1,0,0.0,0.39575689902695804,14230,1846,0.38805340829234014,0.5534093245039126,0.18751058717905222,0.009737986210246553,0.599880434960371,0.5549180832311212,0.6112263430735076,0.2718885494636672,0.9750812567713976,0.6146623329721922,0.991332611050921,0.5594528710725893,0.15926327193932827,0,0,,0.38805340829234014,10321,1334,0.38697800600716986,0.5456343958854395,0.1843462122298311,0.01655452710973643,0.6888583563461623,0.5501220464772252,0.606979781685614,0.8157554529077526,0.97976011994003,0.6239380309845077,0.9947526236881559,0.5712143928035982,0.1634182908545727,0,0,,0.38697800600716986,6794,965,0.42522814247865764,0.5557603401436486,0.18880420931479025,0.015939307732231234,0.516403165753257,0.5606471298755988,0.6244316576329058,0.8716337731069002,0.9803108808290155,0.6442141623488774,0.9979274611398964,0.5896373056994819,0.19792746113989637,1,0,0.0,0.42522814247865764,17115,2299,0.40216184633362545,0.5496540082307666,0.18611586646268022,0.016310308561634183,0.6059862849513064,0.5543001017859339,0.61390750854427,0.8381909980167388,0.9799913005654632,0.6324488908220965,0.9960852544584602,0.5789473684210527,0.177903436276642,1,0,0.0,0.40216184633362545
fold_val2024,365.25,0.001,4.292966799999704,0.13655377829041176,0.7658353240072909,-0.03464475835372515,20960.58624095105,204,31169,4164,0.40026949854021626,0.5507817730517753,0.18623337986461413,0.011755169477798557,0.6072790822764298,0.5554064551260349,0.6093419652688807,0.8326662449773183,0.9781460134486071,0.6286423310918988,0.9961575408261287,0.5747878642331092,0.17459173871277617,28,6,0.21428571428571427,0.40026949854021626,14654,1895,0.38733451617305853,0.5504450395350792,0.1857923960516065,0.013869395049024258,0.6059248395761969,0.5537638228747211,0.6028013295284398,0.5993138595463623,0.9720316622691293,0.6163588390501319,0.9963060686015831,0.5634124890061565,0.16517150395778363,12,5,0.4166666666666667,0.38733451617305853,9387,1265,0.40396292745286033,0.5515443285391248,0.18668753865139742,0.01633322526646403,0.6560940587610145,0.5573767911471529,0.6138111913447295,1.0464128935157309,0.9857707509881423,0.6310935441370223,0.9968379446640316,0.5760869565217391,0.16996047430830039,10,1,0.1,0.40396292745286033,7128,1004,0.4219977553310887,0.5504698180284753,0.18654187990169033,0.01783622755601764,0.5657288800178389,0.5561886645509106,0.6169028310049124,1.0282206177382276,0.9800796812749004,0.648738379814077,0.9950199203187251,0.5946215139442231,0.19820717131474103,6,0,0.0,0.4219977553310887,16515,2269,0.41174689676052073,0.5510805616048282,0.18662467122373091,0.014313148995579915,0.6113265938145637,0.5568639866434887,0.6151455666095059,1.0385704907081905,0.9832525341560159,0.6389011311884824,0.996033494931688,0.5842882327016307,0.18245923314235346,16,1,0.0625,0.41174689676052073
fold_val2025,365.25,0.001,5.890898700003163,0.05820840936965894,0.7908758918541146,-0.050150965317129086,24299.82905407448,205,30848,4162,0.40414289419087135,0.5534590866846465,0.18769929016033873,0.011919681820509764,0.6522595708947138,0.557812515087653,0.6167949612701643,0.7804465273286975,0.9776549735703989,0.6263014576325484,0.996155694377703,0.5754444978375781,0.16626621816434406,0,0,,0.40414289419087135,14703,1936,0.3942732775624022,0.5594057627510024,0.19007034443629459,0.01247210185110705,0.6786986528549535,0.5630574202395494,0.6151105099330973,0.6485408694185106,0.9731404958677686,0.6100206611570248,0.9948347107438017,0.5671487603305785,0.1518595041322314,0,0,,0.3942732775624022,9637,1285,0.3993981529521635,0.5469777060233996,0.18526270399674197,0.01965158462048088,0.6782475946930596,0.5527507755600319,0.6110845002159125,1.0444254068722478,0.982101167315175,0.6274967574578469,0.9968871595330739,0.5688715953307393,0.16108949416342414,0,0,,0.3993981529521635,6508,941,0.43346650276582666,0.5496218228906707,0.18595063770785006,0.010319449526088707,0.5804290633335536,0.5534585113045166,0.629056516462039,0.6932206001860376,0.9808714133900106,0.6581650726177825,0.997874601487779,0.6014877789585548,0.20297555791710944,0,0,,0.43346650276582666,16145,2226,0.4131310003096934,0.5480435414258276,0.18554000796650916,0.013096492294950308,0.6342990855057073,0.553036061668741,0.6183289648631588,0.902747684816229,0.981581311769991,0.6404612159329139,0.9973045822102425,0.582659478885894,0.17879604672057503,0,0,,0.4131310003096934
fold_val2026,365.25,0.001,5.480160400002205,0.0729263801713533,0.737061984535335,-0.0586694253804629,25901.71521245092,207,15024,2072,0.41300585729499467,0.5702372211606491,0.1939301016544812,0.01495553024065551,0.5782379306064286,0.577345481898655,0.6279815691874706,1.2311970840457036,0.98503861003861,0.6258043758043758,0.9956563706563707,0.574404761904762,0.16312741312741313,23,5,0.21739130434782608,0.41300585729499467,6990,936,0.40171673819742487,0.5759954625861501,0.19578172600886065,0.014731911387829115,0.5336498317030361,0.5819071153821953,0.631140686492827,1.0159100378352408,0.9861111111111112,0.6118233618233619,0.9935897435897436,0.5626780626780626,0.1485042735042735,6,1,0.16666666666666666,0.40171673819742487,5162,725,0.42037969779155365,0.5664603036493784,0.1925762938869419,0.014532549241043748,0.6849871029476813,0.5752742823196058,0.6216245203631802,1.5321350077893074,0.9848275862068966,0.64,0.9972413793103448,0.5793103448275863,0.17793103448275863,13,3,0.23076923076923078,0.42037969779155365,2872,411,0.4272284122562674,0.5630110166442591,0.19185680829059734,0.029568649865412546,0.5436207972767695,0.5699658559157534,0.6317186360630088,1.2202203341321398,0.9829683698296837,0.6326034063260341,0.9975669099756691,0.5924574209245742,0.170316301703163,4,1,0.25,0.4272284122562674,8034,1136,0.42282798108040826,0.5652272500921588,0.19231909166728772,0.016905762690522595,0.6197073528241165,0.5733766222957242,0.6252329719800469,1.4212948150791997,0.9841549295774648,0.6373239436619719,0.9973591549295775,0.5840669014084507,0.17517605633802816,17,4,0.23529411764705882,0.42282798108040826
fold_val2023,365.25,0.01,2.5179613000000245,0.09733183687925182,0.8035036681135157,-0.03950698211945956,14277.061079470704,203,31345,4145,0.39575689902695804,0.5513567677907023,0.18674806663991647,0.010631830100068554,0.6036038273841219,0.5545806529413022,0.6126300882383989,0.5813194408246198,0.9778045838359469,0.6246079613992762,0.9939686369119421,0.5700241254523523,0.16960193003618818,1,0,0.0,0.39575689902695804,14230,1846,0.38805340829234014,0.5534070406419362,0.18750934278310072,0.009342664421787002,0.6001597465460403,0.5549180832311212,0.6111273684009384,0.272300116872503,0.9750812567713976,0.6146623329721922,0.991332611050921,0.55931744312026,0.15926327193932827,0,0,,0.38805340829234014,10321,1334,0.38697800600716986,0.5456297360054819,0.1843442914461404,0.01640281656631853,0.6889785543616082,0.5501220464772252,0.6068807778978281,0.8166025158435883,0.97976011994003,0.6239380309845077,0.9947526236881559,0.5706521739130435,0.1634182908545727,0,0,,0.38697800600716986,6794,965,0.42522814247865764,0.5557626130044496,0.18880523535605584,0.016128095085590634,0.5156946896347968,0.5606471298755988,0.6245115035036468,0.8712283735819769,0.9803108808290155,0.644559585492228,0.9979274611398964,0.5896373056994819,0.19792746113989637,1,0,0.0,0.42522814247865764,17115,2299,0.40216184633362545,0.5496521003835705,0.1861151154557206,0.016293762652204294,0.605728159216314,0.5543001017859339,0.6138795012262496,0.8385351883190619,0.9799913005654632,0.6325938813977091,0.9960852544584602,0.5786211396259243,0.177903436276642,1,0,0.0,0.40216184633362545
fold_val2024,365.25,0.01,3.7436557999972138,0.1359649249306999,0.7659942792200614,-0.03452476530787139,20961.34673107592,204,31169,4164,0.40026949854021626,0.550785596677826,0.1862352415454583,0.011651660826072408,0.607082730066512,0.5554064551260349,0.609338078056049,0.831977807524822,0.9781460134486071,0.6287223823246878,0.9961575408261287,0.5747878642331092,0.17435158501440923,29,7,0.2413793103448276,0.40026949854021626,14654,1895,0.38733451617305853,0.5504465689785345,0.18579319384818746,0.013863477303462539,0.6056588411801103,0.5537638228747211,0.6027514274962726,0.5990376689769986,0.9720316622691293,0.6167106420404572,0.9963060686015831,0.5636763412489005,0.16464379947229552,12,5,0.4166666666666667,0.38733451617305853,9387,1265,0.40396292745286033,0.551549806625841,0.18669043641248237,0.016250171801751617,0.6558036921496078,0.5573767911471529,0.6138771443825436,1.045430059855782,0.9857707509881423,0.6310935441370223,0.9968379446640316,0.5756916996047431,0.16996047430830039,11,2,0.18181818181818182,0.40396292745286033,7128,1004,0.4219977553310887,0.5504761793270123,0.18654456432029726,0.017720298544667907,0.5659417293136417,0.5561886645509106,0.6169015687541635,1.027076887392307,0.9800796812749004,0.6484063745019919,0.9950199203187251,0.5946215139442231,0.19820717131474103,6,0,0.0,0.4219977553310887,16515,2269,0.41174689676052073,0.5510864208925046,0.18662747690457468,0.014286738497069558,0.6112562406966325,0.5568639866434887,0.615182509015962,1.037518297027702,0.9832525341560159,0.6387542235933598,0.996033494931688,0.5840678713089467,0.18245923314235346,17,2,0.11764705882352941,0.41174689676052073
fold_val2025,365.25,0.01,6.721683699994173,0.05602344082689149,0.7916570816347126,-0.0505786779695684,24297.331159143723,205,30848,4162,0.40414289419087135,0.553467108029353,0.18770158749423926,0.01170901033244753,0.6527346687747794,0.557812515087653,0.6168397953198009,0.779008527196127,0.9776549735703989,0.6261412782316195,0.996155694377703,0.5754444978375781,0.1660259490629505,0,0,,0.40414289419087135,14703,1936,0.3942732775624022,0.559409816657228,0.19007140786530205,0.01248557753407912,0.679280174862421,0.5630574202395494,0.6150718711579555,0.6478208884574439,0.9731404958677686,0.609676308539945,0.9948347107438017,0.5671487603305785,0.15134297520661158,0,0,,0.3942732775624022,9637,1285,0.3993981529521635,0.5469898275572579,0.1852657755256797,0.01988697909794667,0.6786811514200595,0.5527507755600319,0.6111708134399145,1.0422324594546633,0.982101167315175,0.6274967574578469,0.9968871595330739,0.5686770428015564,0.16108949416342414,0,0,,0.3993981529521635,6508,941,0.43346650276582666,0.549632736018587,0.18595457628115872,0.010095611256493029,0.5808678627529104,0.5534585113045166,0.6292285118729787,0.6912487942252779,0.9808714133900106,0.6581650726177825,0.997874601487779,0.6017534537725824,0.20297555791710944,0,0,,0.43346650276582666,16145,2226,0.4131310003096934,0.5480551758549557,0.18554342899837448,0.012973943585038238,0.6347159346274123,0.553036061668741,0.6184498163140169,0.9006439469346524,0.981581311769991,0.6404612159329139,0.9973045822102425,0.582659478885894,0.17879604672057503,0,0,,0.4131310003096934
fold_val2026,365.25,0.01,5.853989200004435,0.07242710948590225,0.7372723168628141,-0.05898670830675602,25901.30546121942,207,15024,2072,0.41300585729499467,0.5702407525647093,0.19393142579658554,0.015069689475886654,0.5789934805571967,0.577345481898655,0.6279859163155549,1.2305854218484762,0.98503861003861,0.6256435006435005,0.9956563706563707,0.574404761904762,0.16312741312741313,23,5,0.21739130434782608,0.41300585729499467,6990,936,0.40171673819742487,0.5760003349274215,0.19578392929676092,0.014668130426998197,0.534816812036365,0.5819071153821953,0.6312009143475227,1.0150727321652038,0.9861111111111112,0.6118233618233619,0.9935897435897436,0.5626780626780626,0.1485042735042735,6,1,0.16666666666666666,0.40171673819742487,5162,725,0.42037969779155365,0.5664700085411507,0.19257992786800962,0.014498400332110204,0.6855922710579387,0.5752742823196058,0.6216302453788605,1.530448005246244,0.9848275862068966,0.6395402298850574,0.9972413793103448,0.5793103448275863,0.17793103448275863,13,3,0.23076923076923078,0.42037969779155365,2872,411,0.4272284122562674,0.5630001884749636,0.19185184113122442,0.029155199948537526,0.5435647111167727,0.5699658559157534,0.6315845016678391,1.222120126757111,0.9829683698296837,0.6326034063260341,0.9975669099756691,0.5924574209245742,0.170316301703163,4,1,0.25,0.4272284122562674,8034,1136,0.42282798108040826,0.5652296148107437,0.19231965090658978,0.017181407520898227,0.6200149131912142,0.5733766222957242,0.6251886999546566,1.4208823953025653,0.9841549295774648,0.637030516431925,0.9973591549295775,0.5840669014084507,0.17517605633802816,17,4,0.23529411764705882,0.42282798108040826
fold_val2023,365.25,0.1,2.442817899995134,0.09763968625599101,0.8034106512701134,-0.03946195930679667,14277.390715138543,203,31345,4145,0.39575689902695804,0.5513548015512059,0.18674760805611654,0.010795297825615766,0.6038278569605245,0.5545806529413022,0.612671483300809,0.5816739860987858,0.9775633293124246,0.6246079613992762,0.9939686369119421,0.5702653799758746,0.16960193003618818,1,0,0.0,0.39575689902695804,14230,1846,0.38805340829234014,0.5534064525613165,0.18750954364906566,0.00966294309105489,0.6000693995268835,0.5549180832311212,0.6112116116489699,0.27240609298637053,0.9745395449620802,0.6144817623690864,0.991332611050921,0.5594528710725893,0.15926327193932827,0,0,,0.38805340829234014,10321,1334,0.38697800600716986,0.5456279522660227,0.1843441041601183,0.016559077003409466,0.6889898049087442,0.5501220464772252,0.6069080438576263,0.816926760158222,0.97976011994003,0.6241879060469765,0.9947526236881559,0.5712143928035982,0.1634182908545727,0,0,,0.38697800600716986,6794,965,0.42522814247865764,0.555757482975772,0.1888029834201042,0.016316895094971553,0.5167031700628022,0.5606471298755988,0.6244846172570591,0.8721433927454165,0.9803108808290155,0.644559585492228,0.9979274611398964,0.5896373056994819,0.19792746113989637,1,0,0.0,0.42522814247865764,17115,2299,0.40216184633362545,0.5496489882953559,0.18611410858269173,0.0164629400541879,0.6062066314903625,0.5543001017859339,0.6138852708325457,0.8390966329597083,0.9799913005654632,0.6327388719733217,0.9960852544584602,0.5789473684210527,0.177903436276642,1,0,0.0,0.40216184633362545
fold_val2024,365.25,0.1,3.908993700002611,0.13545590488790382,0.7662430946764609,-0.035486911312101355,20961.501053989014,204,31169,4164,0.40026949854021626,0.5507913279483794,0.1862369320889838,0.01188185908082075,0.6072642512308948,0.5554064551260349,0.6093972181131481,0.8309459018815818,0.9781460134486071,0.6286423310918988,0.9961575408261287,0.574847902657701,0.17435158501440923,29,7,0.2413793103448276,0.40026949854021626,14654,1895,0.38733451617305853,0.5504512219570493,0.1857942518370166,0.013947298592914723,0.6059455793719785,0.5537638228747211,0.6028711948590458,0.5981974229510549,0.9720316622691293,0.6165347405452946,0.9963060686015831,0.5636763412489005,0.16464379947229552,12,5,0.4166666666666667,0.38733451617305853,9387,1265,0.40396292745286033,0.5515533749235836,0.18669171680995156,0.016348512256618587,0.6559287971472386,0.5573767911471529,0.6138775781005934,1.0447898649644098,0.9857707509881423,0.6310935441370223,0.9968379446640316,0.5758893280632411,0.16996047430830039,11,2,0.18181818181818182,0.40396292745286033,7128,1004,0.4219977553310887,0.5504869758497132,0.18654809542184053,0.018105779038726535,0.5660414737522341,0.5561886645509106,0.6169133805098176,1.0251357254469122,0.9800796812749004,0.6484063745019919,0.9950199203187251,0.5946215139442231,0.19820717131474103,6,0,0.0,0.4219977553310887,16515,2269,0.41174689676052073,0.5510931089472865,0.18662972872309383,0.014486631006179026,0.611389113906715,0.5568639866434887,0.6151878535818499,1.0363172757833239,0.9832525341560159,0.6387542235933598,0.996033494931688,0.5841780520052887,0.18245923314235346,17,2,0.11764705882352941,0.41174689676052073
fold_val2025,365.25,0.1,5.4676671999986866,0.05593075065760598,0.7916071566917748,-0.050582310142841466,24300.730300527648,205,30848,4162,0.40414289419087135,0.5534666464289095,0.18770143697403666,0.011799050863848526,0.6527409557675266,0.557812515087653,0.6168719679973897,0.7790912790941106,0.9776549735703989,0.6261412782316195,0.996155694377703,0.5753243632868813,0.1660259490629505,0,0,,0.40414289419087135,14703,1936,0.3942732775624022,0.5594120222629037,0.19007253935088544,0.012418532813724228,0.6792999771471563,0.5630574202395494,0.6151214589385362,0.6474291689637703,0.9731404958677686,0.609676308539945,0.9948347107438017,0.5670196280991735,0.15134297520661158,0,0,,0.3942732775624022,9637,1285,0.3993981529521635,0.5469882246289878,0.18526522959949335,0.019472022955575437,0.6788503108951066,0.5527507755600319,0.611142040782342,1.0425224505937065,0.982101167315175,0.6274967574578469,0.9968871595330739,0.5686770428015564,0.16108949416342414,0,0,,0.3993981529521635,6508,941,0.43346650276582666,0.5496279386843841,0.18595211494294653,0.010203376297454193,0.5802505712017691,0.5534585113045166,0.6293115874294333,0.6921155862439933,0.9808714133900106,0.6581650726177825,0.997874601487779,0.6014877789585548,0.20297555791710944,0,0,,0.43346650276582666,16145,2226,0.4131310003096934,0.5480522852714479,0.18554211097547316,0.013085162410703958,0.634549949147152,0.553036061668741,0.618466129328596,0.9011666223455567,0.981581311769991,0.6404612159329139,0.9973045822102425,0.5825471698113207,0.17879604672057503,0,0,,0.4131310003096934
fold_val2026,365.25,0.1,5.668883799997275,0.07336621137733787,0.7369563484624797,-0.058750550018359174,25901.418710533395,207,15024,2072,0.41300585729499467,0.570236084112065,0.19393018107531315,0.015171625456103831,0.5787510594308817,0.577345481898655,0.6279378787756701,1.2313940282705789,0.98503861003861,0.6258043758043758,0.9956563706563707,0.574404761904762,0.16312741312741313,23,5,0.21739130434782608,0.41300585729499467,6990,936,0.40171673819742487,0.5759984092332223,0.1957838216371425,0.01481219677935589,0.5346025568386246,0.5819071153821953,0.6311282003844031,1.0154036602718222,0.9861111111111112,0.6118233618233619,0.9935897435897436,0.5626780626780626,0.1485042735042735,6,1,0.16666666666666666,0.40171673819742487,5162,725,0.42037969779155365,0.5664584426718473,0.19257574257372184,0.014959052337536326,0.6852294466532306,0.5752742823196058,0.621583331810819,1.5324585017448467,0.9848275862068966,0.64,0.9972413793103448,0.5793103448275863,0.17793103448275863,13,3,0.23076923076923078,0.42037969779155365,2872,411,0.4272284122562674,0.5630012416738733,0.19185311422922216,0.0294281675456378,0.5435185663399128,0.5699658559157534,0.6315945025178419,1.2219353439497165,0.9829683698296837,0.6326034063260341,0.9975669099756691,0.5924574209245742,0.170316301703163,4,1,0.25,0.4272284122562674,8034,1136,0.42282798108040826,0.5652225600148667,0.1923174168822353,0.017276075322660425,0.6197879096974,0.5733766222957242,0.6251621321930159,1.4221127900558064,0.9841549295774648,0.6373239436619719,0.9973591549295775,0.5840669014084507,0.17517605633802816,17,4,0.23529411764705882,0.42282798108040826
fold_val2023,365.25,1.0,2.6160086000018055,0.09752190797710171,0.8034772081408952,-0.0394324679670407,14278.321321821422,203,31345,4145,0.39575689902695804,0.5513562081209786,0.18674808637062515,0.01061680106911754,0.6039622802849017,0.5545806529413022,0.6126432073533461,0.5814203584676548,0.9775633293124246,0.6245275432247688,0.9939686369119421,0.570205066344994,0.16960193003618818,1,0,0.0,0.39575689902695804,14230,1846,0.38805340829234014,0.5534071440779479,0.187509799854996,0.009735352427152823,0.6002014174561305,0.5549180832311212,0.6111841190307787,0.2722814770020842,0.9745395449620802,0.6144817623690864,0.991332611050921,0.5594528710725893,0.15926327193932827,0,0,,0.38805340829234014,10321,1334,0.38697800600716986,0.5456298329893138,0.1843445234484447,0.016476422397166016,0.6891033924653881,0.5501220464772252,0.6069124221565702,0.8165848863316508,0.97976011994003,0.6239380309845077,0.9947526236881559,0.5710269865067467,0.1634182908545727,0,0,,0.38697800600716986,6794,965,0.42522814247865764,0.5557596669178938,0.1888040166086627,0.016001331799802235,0.5168535676925307,0.5606471298755988,0.624405094436958,0.8717538532284126,0.9803108808290155,0.644559585492228,0.9979274611398964,0.5896373056994819,0.19792746113989637,1,0,0.0,0.42522814247865764,17115,2299,0.40216184633362545,0.5496509893849184,0.186114771565916,0.016287829611978204,0.6063375240255641,0.5543001017859339,0.6138563435981684,0.8387356210176122,0.9799913005654632,0.6325938813977091,0.9960852544584602,0.5788386254893432,0.177903436276642,1,0,0.0,0.40216184633362545
fold_val2024,365.25,1.0,4.2152682000014465,0.13530393098464502,0.7662632432132799,-0.03531673048322167,20961.762273407872,204,31169,4164,0.40026949854021626,0.5507936596786193,0.18623778566389865,0.011903540490674559,0.6079923595866574,0.5554064551260349,0.6093326348934696,0.8305260777656807,0.9781460134486071,0.6286423310918988,0.9961575408261287,0.5747878642331092,0.17435158501440923,28,6,0.21428571428571427,0.40026949854021626,14654,1895,0.38733451617305853,0.5504590867897752,0.18579719939324327,0.013931162452361284,0.6069018816011331,0.5537638228747211,0.6028316534623686,0.5967771725842056,0.9720316622691293,0.6163588390501319,0.9963060686015831,0.5635444151275285,0.16464379947229552,12,5,0.4166666666666667,0.38733451617305853,9387,1265,0.40396292745286033,0.5515492388112633,0.18668979082635812,0.016161723578378112,0.6565789915896572,0.5573767911471529,0.6137872715360911,1.0455319325183523,0.9857707509881423,0.6310935441370223,0.9968379446640316,0.5758893280632411,0.16996047430830039,10,1,0.1,0.40396292745286033,7128,1004,0.4219977553310887,0.5504864500538987,0.1865483045682445,0.01835373762160277,0.5664571888112737,0.5561886645509106,0.616831190971902,1.0252302609612,0.9800796812749004,0.648738379814077,0.9950199203187251,0.5946215139442231,0.19820717131474103,6,0,0.0,0.4219977553310887,16515,2269,0.41174689676052073,0.5510905310751147,0.18662872427789706,0.01479118222959622,0.6119166950386367,0.5568639866434887,0.6151010503879507,1.0367802025003605,0.9832525341560159,0.6389011311884824,0.996033494931688,0.5841780520052887,0.18245923314235346,16,1,0.0625,0.41174689676052073
fold_val2025,365.25,1.0,4.6428845999980695,0.0542047049812786,0.7922284052998659,-0.051268018038015985,24303.371522073605,205,30848,4162,0.40414289419087135,0.5534729753736758,0.1877024757884637,0.011810525028389834,0.6538347284755561,0.557812515087653,0.6168679929929763,0.7779566783823875,0.9776549735703989,0.6262213679320838,0.996155694377703,0.5753243632868813,0.16626621816434406,0,0,,0.40414289419087135,14703,1936,0.3942732775624022,0.5594164819265189,0.19007278966539284,0.01261412053036406,0.6804106567109193,0.5630574202395494,0.6150719601756913,0.6466371247681022,0.9731404958677686,0.6098484848484849,0.9948347107438017,0.5667613636363636,0.1518595041322314,0,0,,0.3942732775624022,9637,1285,0.3993981529521635,0.5469938284781791,0.18526583219111273,0.019331818080629462,0.6796874165117033,0.5527507755600319,0.6111258158485817,1.0415086394080648,0.982101167315175,0.6274967574578469,0.9968871595330739,0.5686770428015564,0.16108949416342414,0,0,,0.3993981529521635,6508,941,0.43346650276582666,0.5496395644617905,0.18595558110733007,0.010120431480065153,0.5818208659510645,0.5534585113045166,0.629428600192281,0.6900150173361216,0.9808714133900106,0.6581650726177825,0.997874601487779,0.60201912858661,0.20297555791710944,0,0,,0.43346650276582666,16145,2226,0.4131310003096934,0.5480603165414396,0.18554386786449414,0.01305691548901579,0.6356837411700355,0.553036061668741,0.6185036121018362,0.8997144078249553,0.981581311769991,0.6404612159329139,0.9973045822102425,0.5827717879604672,0.17879604672057503,0,0,,0.4131310003096934
fold_val2026,365.25,1.0,5.96458210000128,0.07278623183159236,0.737140751009694,-0.05895497517208072,25902.51957651052,207,15024,2072,0.41300585729499467,0.5702390063393525,0.19393094497418176,0.014921115316540966,0.5789633370274573,0.577345481898655,0.627915262487019,1.2308878794603406,0.98503861003861,0.6258043758043758,0.9956563706563707,0.574404761904762,0.16312741312741313,23,5,0.21739130434782608,0.41300585729499467,6990,936,0.40171673819742487,0.5759976556320299,0.1957830425047262,0.01467192001560498,0.5347089021929584,0.5819071153821953,0.631100913334853,1.0155331656812816,0.9861111111111112,0.6118233618233619,0.9935897435897436,0.5626780626780626,0.1485042735042735,6,1,0.16666666666666666,0.40171673819742487,5162,725,0.42037969779155365,0.5664656398842699,0.19257814468623125,0.01433903314793533,0.6857068826688618,0.5752742823196058,0.621572480641212,1.5312074094148413,0.9848275862068966,0.64,0.9972413793103448,0.5793103448275863,0.17793103448275863,13,3,0.23076923076923078,0.42037969779155365,2872,411,0.4272284122562674,0.5630054266336852,0.19185468917609494,0.029578073125286694,0.5437500256745587,0.5699658559157534,0.6315621080516768,1.2212010964911224,0.9829683698296837,0.6326034063260341,0.9975669099756691,0.5924574209245742,0.170316301703163,4,1,0.25,0.4272284122562674,8034,1136,0.42282798108040826,0.5652286804050963,0.19231952329898808,0.016905589822791403,0.6201353945835838,0.5733766222957242,0.6251435797105241,1.421045360727223,0.9841549295774648,0.6373239436619719,0.9973591549295775,0.5840669014084507,0.17517605633802816,17,4,0.23529411764705882,0.42282798108040826
fold_val2023,547.875,0.001,2.5328050999960396,0.09716225286913398,0.803603731804113,-0.03953943921280606,15797.810485793821,203,31345,4145,0.39575689902695804,0.5513584875350205,0.18674922558502702,0.010576238235285853,0.6041483404918754,0.5545806529413022,0.6126460137213802,0.5810093426794622,0.9778045838359469,0.6244471250502612,0.9939686369119421,0.5702653799758746,0.16960193003618818,1,0,0.0,0.39575689902695804,14230,1846,0.38805340829234014,0.5534106104669333,0.18751169519947308,0.009412256742060195,0.6009579364200491,0.5549180832311212,0.6110946446646834,0.2716568102106862,0.9750812567713976,0.6144817623690864,0.991332611050921,0.5594528710725893,0.15926327193932827,0,0,,0.38805340829234014,10321,1334,0.38697800600716986,0.5456238291481224,0.18434227016600424,0.016450413103225234,0.6892152882460558,0.5501220464772252,0.6068394822634627,0.8176762516441071,0.97976011994003,0.6239380309845077,0.9947526236881559,0.5710269865067467,0.1634182908545727,0,0,,0.38697800600716986,6794,965,0.42522814247865764,0.555772043597731,0.18880872577139263,0.015954131828180115,0.5163132131084789,0.5606471298755988,0.6247162511152512,0.8695462828730682,0.9803108808290155,0.6442141623488774,0.9979274611398964,0.5898963730569948,0.19792746113989637,1,0,0.0,0.42522814247865764,17115,2299,0.40216184633362545,0.5496522819071432,0.18611528210775172,0.01625340842997624,0.6061065275417844,0.5543001017859339,0.6139358753443304,0.83850244007093,0.9799913005654632,0.6324488908220965,0.9960852544584602,0.5789473684210527,0.177903436276642,1,0,0.0,0.40216184633362545
fold_val2024,547.875,0.001,3.9776113999978406,0.13647417166310158,0.7659942480895845,-0.03529731287228647,25285.837421838394,204,31169,4164,0.40026949854021626,0.5507887982609505,0.1862372775232758,0.01175453468564737,0.6098598417319984,0.5554064551260349,0.6092883329725121,0.8314013678570881,0.9781460134486071,0.6288024335574767,0.9961575408261287,0.5746077489593341,0.17459173871277617,28,6,0.21428571428571427,0.40026949854021626,14654,1895,0.38733451617305853,0.5504512594888801,0.1857974965885432,0.013396821531467573,0.6098516233957739,0.5537638228747211,0.6027476494067386,0.5981906453629923,0.9720316622691293,0.6167106420404572,0.9963060686015831,0.5634124890061565,0.16517150395778363,12,5,0.4166666666666667,0.38733451617305853,9387,1265,0.40396292745286033,0.5515569687870269,0.18669334374453556,0.016299609141239953,0.6580332185586661,0.5573767911471529,0.6137465643563189,1.0441450832834418,0.9857707509881423,0.6310935441370223,0.9968379446640316,0.5754940711462451,0.16996047430830039,10,1,0.1,0.40396292745286033,7128,1004,0.4219977553310887,0.550471104158487,0.18654079270265383,0.01819873913565767,0.566259741604709,0.5561886645509106,0.6168637761505492,1.0279893778562084,0.9800796812749004,0.648738379814077,0.9950199203187251,0.5946215139442231,0.19820717131474103,6,0,0.0,0.4219977553310887,16515,2269,0.41174689676052073,0.5510883013288232,0.18662750155098226,0.014499624652159903,0.6125952850597249,0.5568639866434887,0.615091976749251,1.0371806137937776,0.9832525341560159,0.6389011311884824,0.996033494931688,0.5839576906126047,0.18245923314235346,16,1,0.0625,0.41174689676052073
fold_val2025,547.875,0.001,5.616111900002579,0.058632772315124815,0.7907963832522099,-0.05026334307525755,31222.557365014498,205,30848,4162,0.40414289419087135,0.5534589322313715,0.1876993221000372,0.012066745128376067,0.6535460403468215,0.557812515087653,0.6166352073835247,0.7804742164304601,0.9776549735703989,0.6261412782316195,0.996155694377703,0.5755045651129265,0.1660259490629505,0,0,,0.40414289419087135,14703,1936,0.3942732775624022,0.5594023966397952,0.19006936194881308,0.012717764293790056,0.6803006128465321,0.5630574202395494,0.6148492339349332,0.6491386967601311,0.9731404958677686,0.609676308539945,0.9948347107438017,0.5671487603305785,0.15134297520661158,0,0,,0.3942732775624022,9637,1285,0.3993981529521635,0.54697974587565,0.18526370665024175,0.018882912552289452,0.6798575684999985,0.5527507755600319,0.6109725158570506,1.0440563703478976,0.982101167315175,0.6274967574578469,0.9968871595330739,0.5688715953307393,0.16108949416342414,0,0,,0.3993981529521635,6508,941,0.43346650276582666,0.5496256749653972,0.1859515240350598,0.009851045678553477,0.5807455870425036,0.5534585113045166,0.6290553865253922,0.692524599555866,0.9808714133900106,0.6581650726177825,0.997874601487779,0.6017534537725824,0.20297555791710944,0,0,,0.43346650276582666,16145,2226,0.4131310003096934,0.5480463117794019,0.1855409637292381,0.012798885025846696,0.6353332774451235,0.553036061668741,0.618261665582016,0.9022467493860941,0.981581311769991,0.6404612159329139,0.9973045822102425,0.5827717879604672,0.17879604672057503,0,0,,0.4131310003096934
fold_val2026,547.875,0.001,5.128177400001732,0.07275418138881971,0.7371939985662563,-0.059324101908024944,34930.060906944855,207,15024,2072,0.41300585729499467,0.5702407240573486,0.19393158250029444,0.014671593849221905,0.5795382761621266,0.577345481898655,0.6276547140110141,1.2305903595091296,0.98503861003861,0.6256435006435005,0.9956563706563707,0.574404761904762,0.16264478764478765,22,5,0.22727272727272727,0.41300585729499467,6990,936,0.40171673819742487,0.5759939474705587,0.19578063903134407,0.014171146841318592,0.5347585933442458,0.5819071153821953,0.6307525276908855,1.0161704085286698,0.9861111111111112,0.6118233618233619,0.9935897435897436,0.5626780626780626,0.1485042735042735,6,1,0.16666666666666666,0.40171673819742487,5162,725,0.42037969779155365,0.5664671328927331,0.19257968108322918,0.01447742970739851,0.6865860159043092,0.5752742823196058,0.6214217465078579,1.5309478795681093,0.9848275862068966,0.6395402298850574,0.9972413793103448,0.5793103448275863,0.17655172413793102,13,3,0.23076923076923078,0.42037969779155365,2872,411,0.4272284122562674,0.5630207539784512,0.1918611124316505,0.0295963045467019,0.5453031391348119,0.5699658559157534,0.6313179663191595,1.2185119275511127,0.9829683698296837,0.6326034063260341,0.9975669099756691,0.5924574209245742,0.170316301703163,3,1,0.3333333333333333,0.4272284122562674,8034,1136,0.42282798108040826,0.565235118921882,0.19232280665363816,0.01676620032420908,0.6213974930406991,0.5733766222957242,0.6249594541625827,1.4199224483978115,0.9841549295774648,0.637030516431925,0.9973591549295775,0.5840669014084507,0.1742957746478873,16,4,0.25,0.42282798108040826
fold_val2023,547.875,0.01,2.545655399997486,0.09765555770598086,0.8035019313872163,-0.03948945801436028,15797.714841824443,203,31345,4145,0.39575689902695804,0.5513570513998096,0.18674884097247194,0.010717046016952381,0.604484460781035,0.5545806529413022,0.6126199272115036,0.5812683014446566,0.9778045838359469,0.6245275432247688,0.9939686369119421,0.570205066344994,0.16960193003618818,1,0,0.0,0.39575689902695804,14230,1846,0.38805340829234014,0.5534095683503216,0.18751121425503728,0.009736018177146958,0.6011557945038618,0.5549180832311212,0.6110968400532755,0.2718446066878894,0.9750812567713976,0.6144817623690864,0.991332611050921,0.5594528710725893,0.15926327193932827,0,0,,0.38805340829234014,10321,1334,0.38697800600716986,0.5456235747426091,0.18434278340969232,0.016384942785385024,0.6895871643518485,0.5501220464772252,0.6067983455493837,0.8177224969300105,0.97976011994003,0.6239380309845077,0.9947526236881559,0.5710269865067467,0.1634182908545727,0,0,,0.38697800600716986,6794,965,0.42522814247865764,0.5557679869860884,0.1888071789610713,0.016434857467999685,0.5168416967909141,0.5606471298755988,0.6246537915912984,0.8702698416726111,0.9803108808290155,0.644559585492228,0.9979274611398964,0.5896373056994819,0.19792746113989637,1,0,0.0,0.42522814247865764,17115,2299,0.40216184633362545,0.5496505181713092,0.18611497758883747,0.016404757004122077,0.6065573637996763,0.5543001017859339,0.6138862742907667,0.8388206315755617,0.9799913005654632,0.6325938813977091,0.9960852544584602,0.5788386254893432,0.177903436276642,1,0,0.0,0.40216184633362545
fold_val2024,547.875,0.01,3.3267212999999174,0.13660925362205287,0.7661913398541402,-0.034108337751958394,25288.711405450555,204,31169,4164,0.40026949854021626,0.5507898340594088,0.1862359946543222,0.011882999124403059,0.6097291746054011,0.5554064551260349,0.6094564980335785,0.8312148740832441,0.9781460134486071,0.6287223823246878,0.9963976945244957,0.5744876721101506,0.17459173871277617,27,6,0.2222222222222222,0.40026949854021626,14654,1895,0.38733451617305853,0.5504570594423718,0.18579790605151164,0.013811458977509626,0.6103700998773126,0.5537638228747211,0.6028939763234686,0.5971432758433306,0.9720316622691293,0.6165347405452946,0.9968337730870712,0.5634124890061565,0.16464379947229552,11,5,0.45454545454545453,0.38733451617305853,9387,1265,0.40396292745286033,0.5515432025789524,0.18668598704012412,0.016303024636670792,0.6577873159979695,0.5573767911471529,0.6138562062800794,1.0466149041107748,0.9857707509881423,0.6313570487483531,0.9968379446640316,0.5756916996047431,0.16996047430830039,10,1,0.1,0.40396292745286033,7128,1004,0.4219977553310887,0.5504818386813369,0.18654402942705833,0.01819187346845866,0.5655080658911787,0.5561886645509106,0.6171539071006444,1.0260593631805928,0.9800796812749004,0.6484063745019919,0.9950199203187251,0.5938745019920318,0.199203187250996,6,0,0.0,0.4219977553310887,16515,2269,0.41174689676052073,0.5510851098231424,0.18662471705126954,0.014418811950286759,0.6121553683950907,0.5568639866434887,0.6152795191138055,1.0377537350150081,0.9832525341560159,0.6389011311884824,0.996033494931688,0.5837373292199207,0.18289995592772146,16,1,0.0625,0.41174689676052073
fold_val2025,547.875,0.01,5.540597600003821,0.059070177649969975,0.7906403443258399,-0.049959503103977725,31222.255693639727,205,30848,4162,0.40414289419087135,0.5534573887735336,0.18769874613258652,0.012047349504217396,0.6537332120684837,0.557812515087653,0.6166117438017327,0.7807509147468721,0.9776549735703989,0.6262213679320838,0.996155694377703,0.5755646323882748,0.16626621816434406,0,0,,0.40414289419087135,14703,1936,0.3942732775624022,0.5594008214177336,0.19006874941620738,0.012784091656704577,0.680411546081169,0.5630574202395494,0.6148057248295465,0.649418459001946,0.9731404958677686,0.6098484848484849,0.9948347107438017,0.5672778925619835,0.1518595041322314,0,0,,0.3942732775624022,9637,1285,0.3993981529521635,0.5469815473129703,0.1852645884312849,0.019193382220475116,0.680123158586995,0.5527507755600319,0.6110485027623094,1.0437304662696103,0.982101167315175,0.6274967574578469,0.9968871595330739,0.5688715953307393,0.16108949416342414,0,0,,0.3993981529521635,6508,941,0.43346650276582666,0.5496192501730071,0.18594887205274127,0.009850580823785579,0.5809543669884423,0.5534585113045166,0.6289299446076597,0.6936854440019943,0.9808714133900106,0.6581650726177825,0.997874601487779,0.6017534537725824,0.20297555791710944,0,0,,0.43346650276582666,16145,2226,0.4131310003096934,0.5480447972487473,0.18554042106110455,0.012970530204465952,0.6355706346768006,0.553036061668741,0.6182564571463006,0.902520606871985,0.981581311769991,0.6404612159329139,0.9973045822102425,0.5827717879604672,0.17879604672057503,0,0,,0.4131310003096934
fold_val2026,547.875,0.01,5.570181399998546,0.07459528408499821,0.7365754556980025,-0.058440116529146525,34928.65166187508,207,15024,2072,0.41300585729499467,0.5702320485490554,0.19392888100713376,0.014773535625094395,0.5799459900860542,0.577345481898655,0.6276179867747823,1.2320930140834183,0.98503861003861,0.6256435006435006,0.9956563706563707,0.5745254182754184,0.16312741312741313,23,5,0.21739130434782608,0.41300585729499467,6990,936,0.40171673819742487,0.5759903655621113,0.19578024213231465,0.014395268814000155,0.5360396176203939,0.5819071153821953,0.6306288048695233,1.0167859549539873,0.9861111111111112,0.6118233618233619,0.9935897435897436,0.5626780626780626,0.1485042735042735,6,1,0.16666666666666666,0.40171673819742487,5162,725,0.42037969779155365,0.5664486033669649,0.1925729909295349,0.014358528837168469,0.6861114766494703,0.5752742823196058,0.6213462672754803,1.5341688693355435,0.9848275862068966,0.6395402298850574,0.9972413793103448,0.579655172413793,0.17655172413793102,13,3,0.23076923076923078,0.42037969779155365,2872,411,0.4272284122562674,0.5630173925980423,0.19185997094987428,0.029430289324647158,0.5445403870074889,0.5699658559157534,0.6315626238127897,1.2191016787395423,0.9829683698296837,0.6326034063260341,0.9975669099756691,0.5924574209245742,0.17274939172749393,4,1,0.25,0.4272284122562674,8034,1136,0.42282798108040826,0.5652220117154406,0.19231810004310404,0.01675471566229913,0.6208139075038092,0.5733766222957242,0.6249984176333535,1.4222084164564588,0.9841549295774648,0.637030516431925,0.9973591549295775,0.5842869718309859,0.17517605633802816,17,4,0.23529411764705882,0.42282798108040826
fold_val2023,547.875,0.1,2.6067882999996073,0.09696537821479147,0.8036685376873031,-0.039960113005110945,15797.954040878512,203,31345,4145,0.39575689902695804,0.551359690408432,0.18674967240814055,0.010589153595368737,0.6041356524350037,0.5545806529413022,0.6126629037566418,0.5807924448477106,0.9778045838359469,0.6244471250502612,0.9939686369119421,0.5702653799758746,0.16960193003618818,1,0,0.0,0.39575689902695804,14230,1846,0.38805340829234014,0.5534116324180526,0.18751204406704083,0.00941639778698981,0.600982143834187,0.5549180832311212,0.6111221777468248,0.271472647691899,0.9750812567713976,0.6144817623690864,0.991332611050921,0.5594528710725893,0.15926327193932827,0,0,,0.38805340829234014,10321,1334,0.38697800600716986,0.5456257960859991,0.18434296872353387,0.016395584074282772,0.6892007038780592,0.5501220464772252,0.6068356577370538,0.817318705915956,0.97976011994003,0.6239380309845077,0.9947526236881559,0.5710269865067467,0.1634182908545727,0,0,,0.38697800600716986,6794,965,0.42522814247865764,0.5557724646952928,0.18880899534347687,0.0159222118007711,0.5162665813318685,0.5606471298755988,0.6247423175464356,0.8694711736752536,0.9803108808290155,0.6442141623488774,0.9979274611398964,0.5898963730569948,0.19792746113989637,1,0,0.0,0.42522814247865764,17115,2299,0.40216184633362545,0.549653635205575,0.18611581037447705,0.016207673397903105,0.6060677901998132,0.5543001017859339,0.6139439163841436,0.8382582946292458,0.9799913005654632,0.6324488908220965,0.9960852544584602,0.5789473684210527,0.177903436276642,1,0,0.0,0.40216184633362545
fold_val2024,547.875,0.1,4.05898100000195,0.13726087848632093,0.7658331875640902,-0.035157598263688285,25285.522540578142,204,31169,4164,0.40026949854021626,0.5507850466602603,0.18623515397597243,0.011652646855719352,0.6093733432035023,0.5554064551260349,0.6092602184974464,0.8320768372643287,0.9781460134486071,0.6288024335574767,0.9961575408261287,0.5746077489593341,0.17459173871277617,27,6,0.2222222222222222,0.40026949854021626,14654,1895,0.38733451617305853,0.5504534746022948,0.18579703643308912,0.013921071098847763,0.6089348577170245,0.5537638228747211,0.6028359386928481,0.5977906348669662,0.9720316622691293,0.6165347405452946,0.9963060686015831,0.5634124890061565,0.16517150395778363,11,5,0.45454545454545453,0.38733451617305853,9387,1265,0.40396292745286033,0.5515432794964116,0.18668848968256374,0.01616385017568156,0.6576855165716271,0.5573767911471529,0.6136563256827463,1.046601104207298,0.9857707509881423,0.6313570487483531,0.9968379446640316,0.5758893280632411,0.16996047430830039,10,1,0.1,0.40396292745286033,7128,1004,0.4219977553310887,0.5504681731058939,0.18653884536144374,0.018326915773885004,0.5668849577415368,0.5561886645509106,0.6166781671658204,1.0285163667684054,0.9800796812749004,0.648738379814077,0.9950199203187251,0.5941235059760956,0.19820717131474103,6,0,0.0,0.4219977553310887,16515,2269,0.41174689676052073,0.5510792553758176,0.18662390205186782,0.014225561278748085,0.61273237595057,0.5568639866434887,0.6149605755217624,1.038805059479372,0.9832525341560159,0.6390480387836052,0.996033494931688,0.5839576906126047,0.18245923314235346,16,1,0.0625,0.41174689676052073
fold_val2025,547.875,0.1,6.462548499999684,0.05901975172852318,0.7907198098789503,-0.049916215425776345,31221.89949971815,205,30848,4162,0.40414289419087135,0.5534581036682972,0.18769898890637368,0.011943017604526759,0.6534983264492228,0.557812515087653,0.6166265343627976,0.7806227543445374,0.9776549735703989,0.6262213679320838,0.996155694377703,0.5755045651129265,0.1660259490629505,0,0,,0.40414289419087135,14703,1936,0.3942732775624022,0.559401705939817,0.19006877988593066,0.012710350707413566,0.6802173077058987,0.5630574202395494,0.6148314434220769,0.6492613663056134,0.9731404958677686,0.6098484848484849,0.9948347107438017,0.5672778925619835,0.15134297520661158,0,0,,0.3942732775624022,9637,1285,0.3993981529521635,0.5469812742202105,0.18526434383334475,0.01938057121969068,0.6798500619116847,0.5527507755600319,0.6110426784940413,1.0437798723983622,0.982101167315175,0.6274967574578469,0.9968871595330739,0.5686770428015564,0.16108949416342414,0,0,,0.3993981529521635,6508,941,0.43346650276582666,0.5496210448473164,0.18595031616457183,0.010165045244340276,0.5809826250296213,0.5534585113045166,0.6289505726400906,0.6933611786283973,0.9808714133900106,0.6581650726177825,0.997874601487779,0.6017534537725824,0.20297555791710944,0,0,,0.43346650276582666,16145,2226,0.4131310003096934,0.5480453576665533,0.18554085717689545,0.013003570264982577,0.6354461988627108,0.553036061668741,0.6182612957193424,0.9024192721047279,0.981581311769991,0.6404612159329139,0.9973045822102425,0.582659478885894,0.17879604672057503,0,0,,0.4131310003096934
fold_val2026,547.875,0.1,6.907693799999834,0.07475039768972573,0.7365181642962966,-0.05858995548141704,34928.266689241944,207,15024,2072,0.41300585729499467,0.5702308022825274,0.19392910144733405,0.01497045104180228,0.5795584399412922,0.577345481898655,0.6276637499077853,1.2323088755679281,0.98503861003861,0.6258043758043758,0.9956563706563707,0.574404761904762,0.16264478764478765,23,5,0.21739130434782608,0.41300585729499467,6990,936,0.40171673819742487,0.5759927156422608,0.19578221763517842,0.014587092798111474,0.5356363369912109,0.5819071153821953,0.630720104473927,1.0163820966598591,0.9861111111111112,0.6121794871794872,0.9935897435897436,0.5626780626780626,0.1485042735042735,6,1,0.16666666666666666,0.40171673819742487,5162,725,0.42037969779155365,0.566444899910352,0.192572249315801,0.014864198903670038,0.6858932727672682,0.5752742823196058,0.6213579379739842,1.5348126416588956,0.9848275862068966,0.6395402298850574,0.9972413793103448,0.5793103448275863,0.17655172413793102,13,3,0.23076923076923078,0.42037969779155365,2872,411,0.4272284122562674,0.56301180982453,0.19185764899257846,0.029137809380198092,0.5441499588467912,0.5699658559157534,0.6315588344429353,1.2200811713625326,0.9829683698296837,0.6326034063260341,0.9975669099756691,0.5924574209245742,0.170316301703163,4,1,0.25,0.4272284122562674,8034,1136,0.42282798108040826,0.5652176364392939,0.19231679348703634,0.017173150314427326,0.6205354752852857,0.5733766222957242,0.6250045616556904,1.4229714884019455,0.9841549295774648,0.637030516431925,0.9973591549295775,0.5840669014084507,0.1742957746478873,17,4,0.23529411764705882,0.42282798108040826
fold_val2023,547.875,1.0,2.691058199998224,0.09686525525470059,0.8037285585931869,-0.03970024674483426,15798.875451226837,203,31345,4145,0.39575689902695804,0.5513605532661217,0.1867498716119133,0.010731875036429799,0.6040933120198939,0.5545806529413022,0.6126580843429515,0.5806368574349411,0.9778045838359469,0.6244471250502612,0.9939686369119421,0.570205066344994,0.16960193003618818,1,0,0.0,0.39575689902695804,14230,1846,0.38805340829234014,0.5534125627659036,0.1875123664011003,0.00951859783740506,0.6008795256147431,0.5549180832311212,0.6111206767449554,0.27130499270297465,0.9750812567713976,0.6144817623690864,0.991332611050921,0.55931744312026,0.15926327193932827,0,0,,0.38805340829234014,10321,1334,0.38697800600716986,0.5456263299098651,0.18434287649109946,0.016451016406098383,0.6892688863274011,0.5501220464772252,0.6068429311367654,0.8172216685640777,0.97976011994003,0.6239380309845077,0.9947526236881559,0.5710269865067467,0.1634182908545727,0,0,,0.38697800600716986,6794,965,0.42522814247865764,0.55577368604181,0.18880937938226772,0.016257175465915645,0.5161926851488811,0.5606471298755988,0.624712177124897,0.8692533278231906,0.9803108808290155,0.6442141623488774,0.9979274611398964,0.5898963730569948,0.19792746113989637,1,0,0.0,0.42522814247865764,17115,2299,0.40216184633362545,0.5496544419496219,0.18611590720349194,0.01637406897123997,0.6060633974651768,0.5543001017859339,0.6139363379286653,0.8381127518006769,0.9799913005654632,0.6324488908220965,0.9960852544584602,0.5789473684210527,0.177903436276642,1,0,0.0,0.40216184633362545
fold_val2024,547.875,1.0,3.8118818000002648,0.13584343831039788,0.7662263692298136,-0.03545239595913769,25287.976238050895,204,31169,4164,0.40026949854021626,0.5507927270742001,0.18623806014530433,0.01178511237277344,0.6087293572478324,0.5554064551260349,0.6093480874687262,0.8306939916259766,0.9781460134486071,0.6288824847902659,0.9963976945244957,0.5744876721101506,0.17459173871277617,27,6,0.2222222222222222,0.40026949854021626,14654,1895,0.38733451617305853,0.5504605202482525,0.18579949358812767,0.013543681465543732,0.6083262457739729,0.5537638228747211,0.6028496372184639,0.5965183152124978,0.9720316622691293,0.6167106420404572,0.9968337730870712,0.5635444151275285,0.16464379947229552,11,5,0.45454545454545453,0.38733451617305853,9387,1265,0.40396292745286033,0.551551512782102,0.1866918043514517,0.016107247029481696,0.6572755982010734,0.5573767911471529,0.6137713742594598,1.0451239552084144,0.9857707509881423,0.6313570487483531,0.9968379446640316,0.5754940711462451,0.16996047430830039,10,1,0.1,0.40396292745286033,7128,1004,0.4219977553310887,0.5504764304113722,0.18654213666968167,0.018322877729450737,0.5659988246036185,0.5561886645509106,0.61688272507573,1.0270317436531657,0.9800796812749004,0.648738379814077,0.9950199203187251,0.5938745019920318,0.199203187250996,6,0,0.0,0.4219977553310887,16515,2269,0.41174689676052073,0.5510874990286317,0.18662720663812093,0.014505861485357041,0.6120958698726502,0.5568639866434887,0.6151142570095883,1.0373246885069478,0.9832525341560159,0.6390480387836052,0.996033494931688,0.5836271485235787,0.18289995592772146,16,1,0.0625,0.41174689676052073
fold_val2025,547.875,1.0,5.139634400002251,0.057163784277876106,0.7913588348833348,-0.05034347890064362,31224.47670506863,205,30848,4162,0.40414289419087135,0.5534645422615786,0.18770063432887055,0.011916134318477774,0.6534804894601417,0.557812515087653,0.6166943832147339,0.7794684967566793,0.9776549735703989,0.6262213679320838,0.996155694377703,0.5755045651129265,0.1660259490629505,0,0,,0.40414289419087135,14703,1936,0.3942732775624022,0.5594076319852823,0.1900704073141585,0.01250824338219201,0.6802141828448619,0.5630574202395494,0.6148883598057926,0.6482088900834153,0.9731404958677686,0.6098484848484848,0.9948347107438017,0.5671487603305785,0.15134297520661158,0,0,,0.3942732775624022,9637,1285,0.3993981529521635,0.5469892445868149,0.18526634343511877,0.01915644829196589,0.6795696968467139,0.5527507755600319,0.6111156878352678,1.0423379265962407,0.982101167315175,0.6274967574578469,0.9968871595330739,0.5688715953307393,0.16108949416342414,0,0,,0.3993981529521635,6508,941,0.43346650276582666,0.5496263731595629,0.1859514777739225,0.01008658635178782,0.5811228612722108,0.5534585113045166,0.6290354787208153,0.6923984484259359,0.9808714133900106,0.6581650726177825,0.997874601487779,0.6017534537725824,0.20297555791710944,0,0,,0.43346650276582666,16145,2226,0.4131310003096934,0.5480522630291466,0.18554251898649288,0.012867398735441255,0.6353243758043444,0.553036061668741,0.6183391005997858,0.9011706441992613,0.981581311769991,0.6404612159329139,0.9973045822102425,0.5827717879604672,0.17879604672057503,0,0,,0.4131310003096934
fold_val2026,547.875,1.0,5.633504500001436,0.07519632202559381,0.7364305051867034,-0.05840292316647089,34929.622588684106,207,15024,2072,0.41300585729499467,0.570229741737423,0.19392819678587617,0.014845326622925866,0.5797092490245569,0.577345481898655,0.6275742348981741,1.2324925688915365,0.98503861003861,0.6256435006435006,0.9956563706563707,0.5745254182754184,0.16312741312741313,23,5,0.21739130434782608,0.41300585729499467,6990,936,0.40171673819742487,0.5759876903654266,0.19577961371830702,0.014737136005249948,0.5356436694143127,0.5819071153821953,0.6305697072954887,1.0172456841124569,0.9861111111111112,0.6118233618233619,0.9935897435897436,0.5626780626780626,0.1485042735042735,6,1,0.16666666666666666,0.40171673819742487,5162,725,0.42037969779155365,0.5664459345873849,0.19257193020816787,0.01427993246210132,0.6861694753684193,0.5752742823196058,0.6213263614452568,1.5346327836216531,0.9848275862068966,0.6395402298850574,0.9972413793103448,0.579655172413793,0.17655172413793102,13,3,0.23076923076923078,0.42037969779155365,2872,411,0.4272284122562674,0.5630166329626156,0.19185982760636308,0.029285713390306615,0.5445263179478916,0.5699658559157534,0.6315133611888182,1.21923495609621,0.9829683698296837,0.6326034063260341,0.9975669099756691,0.5924574209245742,0.17274939172749393,4,1,0.25,0.4272284122562674,8034,1136,0.42282798108040826,0.5652200254180623,0.19231736726662152,0.016825735788320882,0.620840533515096,0.5733766222957242,0.6249680173157457,1.4225548375174364,0.9841549295774648,0.637030516431925,0.9973591549295775,0.5842869718309859,0.17517605633802816,17,4,0.23529411764705882,0.42282798108040826
fold_val2023,730.5,0.001,2.637279299997317,0.09735538271037526,0.8036175451843088,-0.03977838651039672,16643.84543095044,203,31345,4145,0.39575689902695804,0.5513595261326564,0.1867502052738525,0.010767098250037197,0.6048321699185124,0.5545806529413022,0.6125966721389684,0.5808220664680788,0.9778045838359469,0.6245275432247688,0.9939686369119421,0.5703256936067551,0.16960193003618818,1,0,0.0,0.39575689902695804,14230,1846,0.38805340829234014,0.5534105071741088,0.1875120249432041,0.009492513928073406,0.6017267062228624,0.5549180832311212,0.6110343422925938,0.2716754242778138,0.9750812567713976,0.6143011917659805,0.991332611050921,0.5595882990249187,0.15872156013001085,0,0,,0.38805340829234014,10321,1334,0.38697800600716986,0.5456244957525838,0.18434340204087887,0.016268901801136083,0.689909231350209,0.5501220464772252,0.606754730409964,0.8175550777217607,0.97976011994003,0.6239380309845077,0.9947526236881559,0.5712143928035982,0.1634182908545727,0,0,,0.38697800600716986,6794,965,0.42522814247865764,0.5557760389870661,0.1888108355759789,0.016438524740343262,0.5169156720555921,0.5606471298755988,0.6247436598191218,0.8688336440094876,0.9803108808290155,0.6449050086355786,0.9979274611398964,0.5896373056994819,0.19896373056994818,1,0,0.0,0.42522814247865764,17115,2299,0.40216184633362545,0.5496542699118051,0.18611680218329604,0.01633623561644277,0.6067522461632909,0.5543001017859339,0.613895646939664,0.8381437887455044,0.9799913005654632,0.6327388719733217,0.9960852544584602,0.5789473684210527,0.17833840800347978,1,0,0.0,0.40216184633362545
fold_val2024,730.5,0.001,3.8683987999975216,0.13798681063169987,0.7659369506071757,-0.0346381802949888,27947.0445890206,204,31169,4164,0.40026949854021626,0.5507856187459126,0.1862356676233056,0.011767391634132023,0.6090526867811114,0.5554064551260349,0.609350607973906,0.8319738342028743,0.9781460134486071,0.6288824847902659,0.9961575408261287,0.5746077489593341,0.17435158501440923,28,6,0.21428571428571427,0.40026949854021626,14654,1895,0.38733451617305853,0.5504590535286853,0.1857994021836648,0.0137811044993732,0.6088331483386386,0.5537638228747211,0.6029412895533901,0.5967831789516331,0.9720316622691293,0.6167106420404572,0.9963060686015831,0.5634124890061565,0.16411609498680738,11,5,0.45454545454545453,0.38733451617305853,9387,1265,0.40396292745286033,0.5515423131333284,0.186689929519428,0.01585384434570608,0.6574815270567476,0.5573767911471529,0.6137107656368826,1.0467744811936688,0.9857707509881423,0.6313570487483531,0.9968379446640316,0.5758893280632411,0.16996047430830039,10,1,0.1,0.40396292745286033,7128,1004,0.4219977553310887,0.5504604779600789,0.18653433167122857,0.018628899134206723,0.566345133552205,0.5561886645509106,0.6167851411040797,1.0298999163272973,0.9800796812749004,0.648738379814077,0.9950199203187251,0.5941235059760956,0.199203187250996,7,0,0.0,0.4219977553310887,16515,2269,0.41174689676052073,0.5510753848187704,0.18662277230102256,0.014384892871244039,0.6123859690966577,0.5568639866434887,0.6150376895442506,1.0395001227515603,0.9832525341560159,0.6390480387836052,0.996033494931688,0.5839576906126047,0.18289995592772146,17,1,0.058823529411764705,0.41174689676052073
fold_val2025,730.5,0.001,4.925127999995311,0.05826399105604221,0.7910352791282247,-0.05014292166557271,35873.811133007344,205,30848,4162,0.40414289419087135,0.5534613893400235,0.18769995364072203,0.012112664880418107,0.653652449553765,0.557812515087653,0.6166261460525979,0.7800337263759117,0.9776549735703989,0.6262213679320838,0.996155694377703,0.5755045651129265,0.1660259490629505,0,0,,0.40414289419087135,14703,1936,0.3942732775624022,0.5594039319551201,0.19006941729992338,0.01272592632378711,0.6806071802339473,0.5630574202395494,0.6147831115049889,0.6488660220257815,0.9731404958677686,0.6098484848484848,0.9948347107438017,0.5671487603305785,0.15134297520661158,0,0,,0.3942732775624022,9637,1285,0.3993981529521635,0.5469859604659928,0.18526615962929494,0.0191122912361855,0.6797887823171166,0.5527507755600319,0.6110764409498253,1.0429320679285148,0.982101167315175,0.6274967574578469,0.9968871595330739,0.5688715953307393,0.16108949416342414,0,0,,0.3993981529521635,6508,941,0.43346650276582666,0.5496246505553383,0.1859507601414725,0.01008284475831714,0.5809482681428495,0.5534585113045166,0.6290079292469614,0.6927096920312671,0.9808714133900106,0.6581650726177825,0.997874601487779,0.6017534537725824,0.20297555791710944,0,0,,0.43346650276582666,16145,2226,0.4131310003096934,0.5480496083508773,0.18554211999679276,0.01303468638983499,0.6353773900093557,0.553036061668741,0.6183045689050908,0.9016506632166829,0.981581311769991,0.6404612159329139,0.9973045822102425,0.5827717879604672,0.17879604672057503,0,0,,0.4131310003096934
fold_val2026,730.5,0.001,6.100641700002598,0.07523054827448238,0.7364612456127235,-0.05856010706944608,41463.02075589118,207,15024,2072,0.41300585729499467,0.5702302216954667,0.1939283569833997,0.01502142124973765,0.5797999248825673,0.577345481898655,0.6275532884637155,1.2324094370305123,0.98503861003861,0.6251608751608752,0.9956563706563707,0.5745254182754184,0.16264478764478765,23,5,0.21739130434782608,0.41300585729499467,6990,936,0.40171673819742487,0.5759903815098685,0.19578045675790726,0.01479637738690982,0.5358534863464566,0.5819071153821953,0.6305482068239839,1.0167832143521276,0.9861111111111112,0.6118233618233619,0.9935897435897436,0.5626780626780626,0.1485042735042735,6,1,0.16666666666666666,0.40171673819742487,5162,725,0.42037969779155365,0.5664417411142415,0.19257063720125123,0.01454384417824466,0.6863337250763112,0.5752742823196058,0.6212414754485448,1.535361735579403,0.9848275862068966,0.639080459770115,0.9972413793103448,0.579655172413793,0.17655172413793102,13,3,0.23076923076923078,0.42037969779155365,2872,411,0.4272284122562674,0.5630201310470045,0.19186093779525298,0.029005061320019877,0.5443656239401304,0.5699658559157534,0.6316086852067634,1.2186212203166673,0.9829683698296837,0.6309813463098135,0.9975669099756691,0.5924574209245742,0.170316301703163,4,1,0.25,0.4272284122562674,8034,1136,0.42282798108040826,0.5652185815283435,0.19231693335584085,0.016900312060805826,0.6209164730825105,0.5733766222957242,0.6249475529224809,1.422806659733872,0.9841549295774648,0.636150234741784,0.9973591549295775,0.5842869718309859,0.1742957746478873,17,4,0.23529411764705882,0.42282798108040826
fold_val2023,730.5,0.01,2.7191078000032576,0.09739268624143711,0.8035490486874833,-0.03970611853835157,16643.743874102547,203,31345,4145,0.39575689902695804,0.551358447199093,0.18674958037641406,0.010665334181487681,0.6048244682353094,0.5545806529413022,0.6125800199813528,0.5810166159096539,0.9780458383594692,0.6245275432247688,0.9939686369119421,0.570205066344994,0.16936067551266587,1,0,0.0,0.39575689902695804,14230,1846,0.38805340829234014,0.5534088777966227,0.18751096831363928,0.009579118836889252,0.6019120365762484,0.5549180832311212,0.6109617066808186,0.27196904914521014,0.9750812567713976,0.6143011917659805,0.991332611050921,0.5594528710725893,0.15872156013001085,0,0,,0.38805340829234014,10321,1334,0.38697800600716986,0.545624525631446,0.18434343032692468,0.016270436031205652,0.6898003854168852,0.5501220464772252,0.6067691636572807,0.8175496464065709,0.9805097451274363,0.6241879060469765,0.9947526236881559,0.5710269865067467,0.1634182908545727,0,0,,0.38697800600716986,6794,965,0.42522814247865764,0.5557744285203818,0.18881012266579664,0.016303994499789976,0.5166636557482993,0.5606471298755988,0.6247970418222938,0.8691208954013906,0.9803108808290155,0.644559585492228,0.9979274611398964,0.5896373056994819,0.19792746113989637,1,0,0.0,0.42522814247865764,17115,2299,0.40216184633362545,0.5496536486362623,0.18611653624280525,0.01628375745893346,0.6065819436272533,0.5543001017859339,0.6139255413524661,0.8382558716299902,0.980426272292301,0.6327388719733218,0.9960852544584602,0.5788386254893432,0.177903436276642,1,0,0.0,0.40216184633362545
fold_val2024,730.5,0.01,4.255603599995084,0.1371869223865031,0.7660226495993274,-0.03468854695465744,27946.609402452912,204,31169,4164,0.40026949854021626,0.5507884264278902,0.1862365645266499,0.011575783056726671,0.6099342102704626,0.5554064551260349,0.6093327341464851,0.8314683157754837,0.9781460134486071,0.6289625360230547,0.9961575408261287,0.5746077489593341,0.17459173871277617,27,6,0.2222222222222222,0.40026949854021626,14654,1895,0.38733451617305853,0.5504551125281446,0.1857987269398021,0.014022319246381948,0.6098811628548176,0.5537638228747211,0.6028613417989696,0.5974948542864766,0.9720316622691293,0.6167106420404572,0.9963060686015831,0.5634124890061565,0.16464379947229552,11,5,0.45454545454545453,0.38733451617305853,9387,1265,0.40396292745286033,0.5515523451115615,0.1866922300915483,0.016120495692776276,0.658379163542038,0.5573767911471529,0.6137114211840521,1.044974625442144,0.9857707509881423,0.6313570487483531,0.9968379446640316,0.5756916996047431,0.16996047430830039,10,1,0.1,0.40396292745286033,7128,1004,0.4219977553310887,0.5504676460130822,0.18653661213326714,0.017898501481510593,0.5662102609405999,0.5561886645509106,0.6168704794100731,1.028611135476458,0.9800796812749004,0.649070385126162,0.9950199203187251,0.5943725099601593,0.199203187250996,6,0,0.0,0.4219977553310887,16515,2269,0.41174689676052073,0.5510841807050244,0.18662506419347816,0.014199150916692686,0.6127835433192562,0.5568639866434887,0.6150748948162094,1.0379205833191332,0.9832525341560159,0.6391949463787279,0.996033494931688,0.5839576906126047,0.18289995592772146,16,1,0.0625,0.41174689676052073
fold_val2025,730.5,0.01,6.028414399996109,0.059764958158707505,0.7905090159752979,-0.04977033487193375,35872.17706829569,205,30848,4162,0.40414289419087135,0.5534562593414609,0.18769845777839797,0.012004092329168407,0.6541811710259346,0.557812515087653,0.6165352879956288,0.7809533899589003,0.9776549735703989,0.6261412782316195,0.996155694377703,0.5755045651129265,0.1660259490629505,0,0,,0.40414289419087135,14703,1936,0.3942732775624022,0.5593988912085341,0.19006780651062294,0.012939730982365113,0.6809206868332797,0.5630574202395494,0.6147073529785199,0.6497612675912819,0.9731404958677686,0.6098484848484849,0.9948347107438017,0.5671487603305785,0.1518595041322314,0,0,,0.3942732775624022,9637,1285,0.3993981529521635,0.5469799444559924,0.18526416491192776,0.01927389167081822,0.6807496408234727,0.5527507755600319,0.610993835543419,1.0440204445109431,0.982101167315175,0.627237354085603,0.9968871595330739,0.5688715953307393,0.16031128404669262,0,0,,0.3993981529521635,6508,941,0.43346650276582666,0.5496206309163966,0.1859502626253969,0.00997747237147124,0.5813702126117888,0.5534585113045166,0.6288707375713043,0.6934359685017879,0.9808714133900106,0.6581650726177825,0.997874601487779,0.6017534537725824,0.20297555791710944,0,0,,0.43346650276582666,16145,2226,0.4131310003096934,0.54804439707193,0.18554072879667582,0.012924322999744553,0.6361179771174085,0.553036061668741,0.6181999599409091,0.9025929668580848,0.981581311769991,0.6403114705001498,0.9973045822102425,0.5827717879604672,0.17834681042228212,0,0,,0.4131310003096934
fold_val2026,730.5,0.01,6.323925699995016,0.07536187546212482,0.7364185653672638,-0.05856566191429746,41463.06191906628,207,15024,2072,0.41300585729499467,0.5702295870819271,0.19392815935553706,0.015021005452747106,0.5797889267114689,0.577345481898655,0.6275499371855954,1.2325193562313208,0.98503861003861,0.6251608751608752,0.9956563706563707,0.5745254182754184,0.16264478764478765,23,5,0.21739130434782608,0.41300585729499467,6990,936,0.40171673819742487,0.5759904696227662,0.19578054647198342,0.014796775217545678,0.5358697999573195,0.5819071153821953,0.6305497030524739,1.0167680722623633,0.9861111111111112,0.6118233618233619,0.9935897435897436,0.5626780626780626,0.1485042735042735,6,1,0.16666666666666666,0.40171673819742487,5162,725,0.42037969779155365,0.5664402449018078,0.19257006010980635,0.014543350866754838,0.6862953354130525,0.5752742823196058,0.62123538534794,1.5356218223727311,0.9848275862068966,0.639080459770115,0.9972413793103448,0.579655172413793,0.17655172413793102,13,3,0.23076923076923078,0.42037969779155365,2872,411,0.4272284122562674,0.5630192860280656,0.19186072285223005,0.029284138681886684,0.5443364065692684,0.5699658559157534,0.6315984584866042,1.2187694781342475,0.9829683698296837,0.6309813463098135,0.9975669099756691,0.5924574209245742,0.170316301703163,4,1,0.25,0.4272284122562674,8034,1136,0.42282798108040826,0.5652173181050206,0.19231648572546986,0.016999271609625752,0.6208783051347315,0.5733766222957242,0.6249399840601932,1.4230270076297786,0.9841549295774648,0.636150234741784,0.9973591549295775,0.5842869718309859,0.1742957746478873,17,4,0.23529411764705882,0.42282798108040826
fold_val2023,730.5,0.1,2.678724199999124,0.09671074981937133,0.8037992567279606,-0.03979879767850778,16644.001204808,203,31345,4145,0.39575689902695804,0.5513625117488332,0.1867511733449333,0.010780326635131881,0.604795697330322,0.5545806529413022,0.6126048271224085,0.5802837108364843,0.9778045838359469,0.6245275432247688,0.9939686369119421,0.5702653799758746,0.16960193003618818,1,0,0.0,0.39575689902695804,14230,1846,0.38805340829234014,0.5534129369447618,0.18751299612545202,0.009563934804099965,0.6017560102826263,0.5549180832311212,0.6110293619296047,0.27123756313642444,0.9750812567713976,0.6143011917659805,0.991332611050921,0.5594528710725893,0.15872156013001085,0,0,,0.38805340829234014,10321,1334,0.38697800600716986,0.545625241244007,0.18434293309273306,0.01634540297741798,0.6898334276462103,0.5501220464772252,0.6067780482808572,0.8174195638975043,0.97976011994003,0.6239380309845077,0.9947526236881559,0.5712143928035982,0.1634182908545727,0,0,,0.38697800600716986,6794,965,0.42522814247865764,0.5557835918698589,0.18881398015626358,0.016444655651399513,0.5168459422779538,0.5606471298755988,0.6247562922559451,0.867486471716902,0.9803108808290155,0.6449050086355786,0.9979274611398964,0.5896373056994819,0.19896373056994818,1,0,0.0,0.42522814247865764,17115,2299,0.40216184633362545,0.5496577176770797,0.1861177676676455,0.0163848024905369,0.6066635138836646,0.5543001017859339,0.6139147231021688,0.837521785382434,0.9799913005654632,0.6327388719733217,0.9960852544584602,0.5789473684210527,0.17833840800347978,1,0,0.0,0.40216184633362545
fold_val2024,730.5,0.1,3.877491300001566,0.1384474994256996,0.7657311637231579,-0.034499342512435284,27946.876969897814,204,31169,4164,0.40026949854021626,0.5507806627172103,0.18623405640306154,0.01168613179242523,0.6098712798151721,0.5554064551260349,0.6093476170321629,0.8328661588520709,0.9781460134486071,0.6287223823246878,0.9963976945244957,0.5747278258085176,0.17435158501440923,28,6,0.21428571428571427,0.40026949854021626,14654,1895,0.38733451617305853,0.5504538820766144,0.18579875387197378,0.01381447252700923,0.6101349685147008,0.5537638228747211,0.6029290052584138,0.5977170521765145,0.9720316622691293,0.6165347405452946,0.9968337730870712,0.5635444151275285,0.16411609498680738,11,5,0.45454545454545453,0.38733451617305853,9387,1265,0.40396292745286033,0.5515373892699412,0.18668698802729328,0.016250882096773753,0.6582529384659723,0.5573767911471529,0.6136400059879492,1.047657880622087,0.9857707509881423,0.6313570487483531,0.9968379446640316,0.5758893280632411,0.16996047430830039,10,1,0.1,0.40396292745286033,7128,1004,0.4219977553310887,0.5504559224474018,0.18653249272936576,0.018400127365250735,0.5659080133260074,0.5561886645509106,0.6168905016848782,1.0307189752127859,0.9800796812749004,0.6484063745019919,0.9950199203187251,0.5943725099601593,0.199203187250996,7,0,0.0,0.4219977553310887,16515,2269,0.41174689676052073,0.5510706199383603,0.18662030667799706,0.014565602073880165,0.6125821484934537,0.5568639866434887,0.615042944730166,1.0403557859879002,0.9832525341560159,0.6389011311884824,0.996033494931688,0.5840678713089467,0.18289995592772146,17,1,0.058823529411764705,0.41174689676052073
fold_val2025,730.5,0.1,5.035331700004463,0.05811387476946571,0.791084939334262,-0.05007277471445344,35874.056499532126,205,30848,4162,0.40414289419087135,0.5534619495552529,0.18770004456015266,0.012158582105490843,0.6537331826907979,0.557812515087653,0.6166190756566647,0.779933295637238,0.9776549735703989,0.6261412782316195,0.996155694377703,0.5755045651129265,0.16578567996155694,0,0,,0.40414289419087135,14703,1936,0.3942732775624022,0.5594036305892184,0.19006906669980658,0.012713252615106595,0.6807200862859223,0.5630574202395494,0.614752979575161,0.6489195451463097,0.9731404958677686,0.6098484848484848,0.9948347107438017,0.5671487603305785,0.15134297520661158,0,0,,0.3942732775624022,9637,1285,0.3993981529521635,0.5469872410548944,0.18526635787298015,0.01888423675067669,0.6798961438575002,0.5527507755600319,0.6110907704334225,1.0427003922876639,0.982101167315175,0.627237354085603,0.9968871595330739,0.5688715953307393,0.16031128404669262,0,0,,0.3993981529521635,6508,941,0.43346650276582666,0.5496260905471951,0.18595168962544925,0.010082557170980808,0.5809704861835658,0.5534585113045166,0.6290212711272762,0.6924495113984908,0.9808714133900106,0.6581650726177825,0.997874601487779,0.6017534537725824,0.20297555791710944,0,0,,0.43346650276582666,16145,2226,0.4131310003096934,0.5480509531946215,0.18554261300119748,0.012987452891847594,0.6354506890027016,0.553036061668741,0.6183185002888328,0.9014074885238633,0.981581311769991,0.6403114705001498,0.9973045822102425,0.5827717879604672,0.17834681042228212,0,0,,0.4131310003096934
fold_val2026,730.5,0.1,6.3194937000007485,0.07548490298960572,0.7363660297669493,-0.05844113649778245,41463.161790533486,207,15024,2072,0.41300585729499467,0.5702290163004724,0.19392811261636414,0.015060012028772008,0.5799984141198464,0.577345481898655,0.6275364015203401,1.232618219299025,0.98503861003861,0.6251608751608752,0.9956563706563707,0.5745254182754184,0.16264478764478765,23,5,0.21739130434782608,0.41300585729499467,6990,936,0.40171673819742487,0.5759897313393302,0.19578046866936266,0.014880867014027788,0.5363090320777685,0.5819071153821953,0.6305150742455843,1.0168949453348068,0.9861111111111112,0.6118233618233619,0.9935897435897436,0.5626780626780626,0.1485042735042735,6,1,0.16666666666666666,0.40171673819742487,5162,725,0.42037969779155365,0.566439838265716,0.19257015821696197,0.014543235121051339,0.6863077407815339,0.5752742823196058,0.6212381765673197,1.5356925079751118,0.9848275862068966,0.639080459770115,0.9972413793103448,0.579655172413793,0.17655172413793102,13,3,0.23076923076923078,0.42037969779155365,2872,411,0.4272284122562674,0.5630188278930196,0.19186049137655012,0.02927903090121552,0.544242326836052,0.5699658559157534,0.6316069150502962,1.218849857518601,0.9829683698296837,0.6309813463098135,0.9975669099756691,0.5924574209245742,0.170316301703163,4,1,0.25,0.4272284122562674,8034,1136,0.42282798108040826,0.5652168930590464,0.19231646601312044,0.01699849103724028,0.6208548937166006,0.5733766222957242,0.6249448005308633,1.4231011379583738,0.9841549295774648,0.636150234741784,0.9973591549295775,0.5842869718309859,0.1742957746478873,17,4,0.23529411764705882,0.42282798108040826
fold_val2023,730.5,1.0,2.6413380000012694,0.09670792579525776,0.8038183877177205,-0.03983555371767297,16644.930438847932,203,31345,4145,0.39575689902695804,0.5513628712619721,0.18675102405051483,0.010755169528493197,0.6047461946868161,0.5545806529413022,0.6125991591798328,0.5802188847129947,0.9778045838359469,0.6245275432247688,0.9939686369119421,0.5703256936067551,0.16960193003618818,1,0,0.0,0.39575689902695804,14230,1846,0.38805340829234014,0.5534147794284514,0.18751352204225497,0.009313528509323587,0.6017388687418843,0.5549180832311212,0.6110392957392347,0.2709055350866464,0.9750812567713976,0.6143011917659805,0.991332611050921,0.5594528710725893,0.15872156013001085,0,0,,0.38805340829234014,10321,1334,0.38697800600716986,0.5456255950757785,0.18434267713707184,0.01626121962112108,0.6897742548093183,0.5501220464772252,0.6067773994499228,0.8173552451206612,0.97976011994003,0.6239380309845077,0.9947526236881559,0.5712143928035982,0.1634182908545727,0,0,,0.38697800600716986,6794,965,0.42522814247865764,0.5557808539391437,0.1888125786679983,0.016269128247546834,0.5167230782210188,0.5606471298755988,0.624710321813349,0.8679748235819806,0.9803108808290155,0.6449050086355786,0.9979274611398964,0.5898963730569948,0.19896373056994818,1,0,0.0,0.42522814247865764,17115,2299,0.40216184633362545,0.5496568441974673,0.1861170569793806,0.016264359043144844,0.6065803934712242,0.5543001017859339,0.6138960833258863,0.8376793678201069,0.9799913005654632,0.6327388719733217,0.9960852544584602,0.579056111352762,0.17833840800347978,1,0,0.0,0.40216184633362545
fold_val2024,730.5,1.0,3.8411897999976645,0.13810613081011844,0.7657917949468818,-0.0347201270769569,27947.717656122288,204,31169,4164,0.40026949854021626,0.5507819295620825,0.1862339683296869,0.011565753317667156,0.6093945297007501,0.5554064551260349,0.6093493484964809,0.8326380655592157,0.9781460134486071,0.6289625360230547,0.9961575408261287,0.5746077489593341,0.17459173871277617,28,6,0.21428571428571427,0.40026949854021626,14654,1895,0.38733451617305853,0.550449193523831,0.18579577195439712,0.013908817604524481,0.6091899356712512,0.5537638228747211,0.6029156377093996,0.598563722289237,0.9720316622691293,0.61688654353562,0.9963060686015831,0.5634124890061565,0.16464379947229552,12,5,0.4166666666666667,0.38733451617305853,9387,1265,0.40396292745286033,0.5515430393338051,0.18668893511770895,0.015900417943814492,0.658017131580254,0.5573767911471529,0.6136651239712346,1.0466441922242882,0.9857707509881423,0.6313570487483531,0.9968379446640316,0.5758893280632411,0.16996047430830039,10,1,0.1,0.40396292745286033,7128,1004,0.4219977553310887,0.5504636602687848,0.18653567377922856,0.018208932411040973,0.5660043267259817,0.5561886645509106,0.61689247609081,1.0293277527956197,0.9800796812749004,0.648738379814077,0.9950199203187251,0.5941235059760956,0.199203187250996,6,0,0.0,0.4219977553310887,16515,2269,0.41174689676052073,0.5510771710942977,0.18662278635472446,0.01421344106630318,0.6125009147901179,0.5568639866434887,0.6150580737688932,1.0391793486361363,0.9832525341560159,0.6390480387836052,0.996033494931688,0.5839576906126047,0.18289995592772146,16,1,0.0625,0.41174689676052073
fold_val2025,730.5,1.0,5.472572099999525,0.05873437508390109,0.7908754762583804,-0.05009024605619819,35874.2939979494,205,30848,4162,0.40414289419087135,0.5534599266773574,0.1876995705008126,0.012059899009362367,0.6540026356308118,0.557812515087653,0.6165838822693205,0.780295940404198,0.9776549735703989,0.6262213679320838,0.996155694377703,0.5755045651129265,0.1660259490629505,0,0,,0.40414289419087135,14703,1936,0.3942732775624022,0.5594026842509846,0.19006932218117759,0.012738727708677778,0.6810036532263927,0.5630574202395494,0.6147407051883471,0.6490876165009813,0.9731404958677686,0.6098484848484848,0.9948347107438017,0.5671487603305785,0.15134297520661158,0,0,,0.3942732775624022,9637,1285,0.3993981529521635,0.5469829886632048,0.18526476781810047,0.019132090172741735,0.6804377019629974,0.5527507755600319,0.6109942271111992,1.0434697067558785,0.982101167315175,0.6274967574578469,0.9968871595330739,0.5688715953307393,0.16108949416342414,0,0,,0.3993981529521635,6508,941,0.43346650276582666,0.5496249369781178,0.18595121993180375,0.010077672792838065,0.5808690596794378,0.5534585113045166,0.6290251452349579,0.6926579405858301,0.9808714133900106,0.6581650726177825,0.997874601487779,0.6017534537725824,0.20297555791710944,0,0,,0.43346650276582666,16145,2226,0.4131310003096934,0.5480479499288259,0.1855414745604963,0.013029769853559421,0.6357147504457824,0.553036061668741,0.6182624349247279,0.9019505391499919,0.981581311769991,0.6404612159329139,0.9973045822102425,0.5827717879604672,0.17879604672057503,0,0,,0.4131310003096934
fold_val2026,730.5,1.0,5.99438519999967,0.07536424984250771,0.7364249687778134,-0.05867972323085905,41464.2110627554,207,15024,2072,0.41300585729499467,0.5702299151582017,0.1939283110166272,0.01480806367874494,0.5799947132291202,0.577345481898655,0.6275147079029711,1.2324625312825028,0.98503861003861,0.6253217503217503,0.9956563706563707,0.5745254182754184,0.16264478764478765,23,5,0.21739130434782608,0.41300585729499467,6990,936,0.40171673819742487,0.575989759404477,0.19578029395793342,0.014796799455037566,0.5361003099627601,0.5819071153821953,0.6305002418524087,1.0168901223748994,0.9861111111111112,0.6118233618233619,0.9935897435897436,0.5626780626780626,0.1485042735042735,6,1,0.16666666666666666,0.40171673819742487,5162,725,0.42037969779155365,0.5664415042076915,0.19257062483826387,0.013999866731004097,0.6864849456982798,0.5752742823196058,0.6212196258541565,1.5354029170744437,0.9848275862068966,0.6395402298850574,0.9972413793103448,0.579655172413793,0.17655172413793102,13,3,0.23076923076923078,0.42037969779155365,2872,411,0.4272284122562674,0.563020467402306,0.19186111578437823,0.029282594349653086,0.544472148865651,0.5699658559157534,0.6315628733728226,1.2185622070796447,0.9829683698296837,0.6309813463098135,0.9975669099756691,0.5924574209245742,0.170316301703163,4,1,0.25,0.4272284122562674,8034,1136,0.42282798108040826,0.5652185495518454,0.19231698904006125,0.01665179247015211,0.6210604278147925,0.5733766222957242,0.6249171372897563,1.4228122366089786,0.9841549295774648,0.636443661971831,0.9973591549295775,0.5842869718309859,0.1742957746478873,17,4,0.23529411764705882,0.42282798108040826
fold_val2023,913.125,0.001,2.4947635999997146,0.09653858806245134,0.8038965490323252,-0.039931925735469345,17182.014319445138,203,31345,4145,0.39575689902695804,0.5513645395912852,0.18675198968044385,0.010868243213188342,0.6049531785427157,0.5545806529413022,0.6125705014606879,0.5799180575376897,0.9780458383594692,0.6246079613992762,0.9939686369119421,0.5703256936067551,0.16960193003618818,1,0,0.0,0.39575689902695804,14230,1846,0.38805340829234014,0.5534181672518478,0.18751518897904224,0.009507910075644155,0.6022751475408945,0.5549180832311212,0.6109888760408076,0.27029502634693364,0.9750812567713976,0.6143011917659805,0.991332611050921,0.55931744312026,0.15872156013001085,0,0,,0.38805340829234014,10321,1334,0.38697800600716986,0.5456265451085256,0.18434330835418059,0.01633475063655485,0.6897440296370759,0.5501220464772252,0.6067838999885663,0.8171825502153722,0.9805097451274363,0.6241879060469765,0.9947526236881559,0.5712143928035982,0.1634182908545727,0,0,,0.38697800600716986,6794,965,0.42522814247865764,0.5557800119855684,0.1888125834321819,0.016248412629896056,0.5166515841317529,0.5606471298755988,0.6246738343306711,0.8681249988937655,0.9803108808290155,0.6449050086355786,0.9979274611398964,0.5901554404145077,0.19896373056994818,1,0,0.0,0.42522814247865764,17115,2299,0.40216184633362545,0.5496570828802246,0.18611743951865273,0.01627188065527613,0.6065473349807963,0.5543001017859339,0.6138855192652394,0.8376363076156135,0.980426272292301,0.6328838625489344,0.9960852544584602,0.5791648542844715,0.17833840800347978,1,0,0.0,0.40216184633362545
fold_val2024,913.125,0.001,4.076759100003983,0.13801536412046242,0.7657074945517441,-0.034724532192165196,29734.905513813574,204,31169,4164,0.40026949854021626,0.5507820228493188,0.18623421447826752,0.011803014309318294,0.6105148860059135,0.5554064551260349,0.6092697367472425,0.8326212693489073,0.9781460134486071,0.6288024335574767,0.9963976945244957,0.5745477105347423,0.17435158501440923,28,6,0.21428571428571427,0.40026949854021626,14654,1895,0.38733451617305853,0.5504526265018016,0.18579794410306646,0.013558717615359973,0.6108186703753012,0.5537638228747211,0.6028183049502562,0.5979437868892064,0.9720316622691293,0.6163588390501319,0.9968337730870712,0.5634124890061565,0.16411609498680738,11,5,0.45454545454545453,0.38733451617305853,9387,1265,0.40396292745286033,0.5515391467825878,0.18668702437296905,0.01644353269740445,0.6586939770711135,0.5573767911471529,0.613612765984771,1.0473425620307064,0.9857707509881423,0.6313570487483531,0.9968379446640316,0.5756916996047431,0.16996047430830039,10,1,0.1,0.40396292745286033,7128,1004,0.4219977553310887,0.5504621367262715,0.18653480084143143,0.01857652499674852,0.5664640733562823,0.5561886645509106,0.6168134048309067,1.0296016782835637,0.9800796812749004,0.649070385126162,0.9950199203187251,0.5941235059760956,0.199203187250996,7,0,0.0,0.4219977553310887,16515,2269,0.41174689676052073,0.5510743010253112,0.18662132353537897,0.014852779088959357,0.6130750041807316,0.5568639866434887,0.614994186129806,1.039694747199396,0.9832525341560159,0.6391949463787279,0.996033494931688,0.5838475099162627,0.18289995592772146,17,1,0.058823529411764705,0.41174689676052073
fold_val2025,913.125,0.001,5.591824299997825,0.05904730273833381,0.7907967405923779,-0.04997738715365741,39167.50840194336,205,30848,4162,0.40414289419087135,0.5534593486960029,0.18769951241315125,0.01204503708062422,0.6544582010158895,0.557812515087653,0.6165370698164171,0.7803995561064136,0.9776549735703989,0.6261412782316195,0.996155694377703,0.5755646323882748,0.16578567996155694,0,0,,0.40414289419087135,14703,1936,0.3942732775624022,0.5594014785154048,0.19006901397985057,0.012656011225041725,0.6816044049397816,0.5630574202395494,0.6146496844630592,0.649301757286003,0.9731404958677686,0.6098484848484848,0.9948347107438017,0.5672778925619835,0.15134297520661158,0,0,,0.3942732775624022,9637,1285,0.3993981529521635,0.5469839337559924,0.18526537108637145,0.018944637657693813,0.6810829907619367,0.5527507755600319,0.6109947535848642,1.0432987268442488,0.982101167315175,0.627237354085603,0.9968871595330739,0.5688715953307393,0.16031128404669262,0,0,,0.3993981529521635,6508,941,0.43346650276582666,0.5496235218739705,0.18595074757464433,0.010106434573539488,0.5808777367663939,0.5534585113045166,0.6290081098246986,0.6929136244570513,0.9808714133900106,0.6581650726177825,0.997874601487779,0.6017534537725824,0.20297555791710944,0,0,,0.43346650276582666,16145,2226,0.4131310003096934,0.5480479436334654,0.18554164424745412,0.013028364584587795,0.6360803866669531,0.553036061668741,0.6182558822568271,0.9019516774772894,0.981581311769991,0.6403114705001498,0.9973045822102425,0.5827717879604672,0.17834681042228212,0,0,,0.4131310003096934
fold_val2026,913.125,0.001,6.19801130000269,0.07567551519712631,0.7363588849815048,-0.058431565492827506,46312.84868668322,207,15024,2072,0.41300585729499467,0.5702286512932919,0.1939274221691709,0.0147554114259471,0.5795151184470717,0.577345481898655,0.62744626763577,1.23268144092142,0.98503861003861,0.6254826254826255,0.9956563706563707,0.5746460746460746,0.16264478764478765,23,5,0.21739130434782608,0.41300585729499467,6990,936,0.40171673819742487,0.575980289037058,0.1957753894286507,0.014805910792540443,0.5351139112165587,0.5819071153821953,0.6303200752119127,1.018517593008736,0.9861111111111112,0.6121794871794872,0.9935897435897436,0.5626780626780626,0.1485042735042735,6,1,0.16666666666666666,0.40171673819742487,5162,725,0.42037969779155365,0.5664457431239641,0.19257226325413615,0.01426671110613154,0.6864879884845049,0.5752742823196058,0.6212705594243471,1.5346660657318862,0.9848275862068966,0.639080459770115,0.9972413793103448,0.58,0.17655172413793102,13,3,0.23076923076923078,0.42037969779155365,2872,411,0.4272284122562674,0.5630292864399306,0.1918654580938384,0.02930052107078802,0.5450881887327671,0.5699658559157534,0.631551800654617,1.2170149148106475,0.9829683698296837,0.6317923763179238,0.9975669099756691,0.5924574209245742,0.170316301703163,4,1,0.25,0.4272284122562674,8034,1136,0.42282798108040826,0.565224425773137,0.19231959404572502,0.016529537607307434,0.6212972157459965,0.5733766222957242,0.624945904808133,1.421787391670561,0.9841549295774648,0.636443661971831,0.9973591549295775,0.5845070422535211,0.1742957746478873,17,4,0.23529411764705882,0.42282798108040826
fold_val2023,913.125,0.01,2.9017815999977756,0.09709333306287496,0.8036833321011936,-0.039699073276753157,17181.84308909549,203,31345,4145,0.39575689902695804,0.5513610834415955,0.18675109230560308,0.010829221552193522,0.6051802355078753,0.5545806529413022,0.6125485983428149,0.5805412580895538,0.9778045838359469,0.6245275432247688,0.9939686369119421,0.5703256936067551,0.1698431845597105,1,0,0.0,0.39575689902695804,14230,1846,0.38805340829234014,0.5534128214243876,0.1875132897995719,0.009641293425410133,0.6022643778229678,0.5549180832311212,0.6109694279396289,0.2712583806908791,0.9750812567713976,0.6141206211628746,0.991332611050921,0.5594528710725893,0.15872156013001085,0,0,,0.38805340829234014,10321,1334,0.38697800600716986,0.5456241492978101,0.1843433519086401,0.01634528969166075,0.6901529254680375,0.5501220464772252,0.606726466809372,0.8176180555238441,0.97976011994003,0.6239380309845077,0.9947526236881559,0.5712143928035982,0.1634182908545727,0,0,,0.38697800600716986,6794,965,0.42522814247865764,0.5557789029592402,0.18881235493408094,0.01626754011793936,0.5170869103756226,0.5606471298755988,0.6247007641352791,0.868322810720335,0.9803108808290155,0.6452504317789293,0.9979274611398964,0.5898963730569948,0.2,1,0,0.0,0.42522814247865764,17115,2299,0.40216184633362545,0.549655197873665,0.18611737507865736,0.01631442608641019,0.6069721365465481,0.5543001017859339,0.6138615749619991,0.837976377291507,0.9799913005654632,0.6328838625489344,0.9960852544584602,0.579056111352762,0.17877337973031754,1,0,0.0,0.40216184633362545
fold_val2024,913.125,0.01,4.7570034000018495,0.13820015162310872,0.7657443605607159,-0.03450015015709023,29734.8683017177,204,31169,4164,0.40026949854021626,0.5507831351905934,0.18623470144607324,0.011785130243421836,0.610325757965531,0.5554064551260349,0.6092630707668261,0.8324209941694638,0.9781460134486071,0.6286423310918989,0.9963976945244957,0.5745477105347423,0.17411143131604226,28,6,0.21428571428571427,0.40026949854021626,14654,1895,0.38733451617305853,0.5504571796778126,0.18579945910227774,0.013770754931979242,0.6104515451784401,0.5537638228747211,0.6028579565919499,0.5971215634388977,0.9720316622691293,0.6161829375549691,0.9968337730870712,0.5634124890061565,0.16411609498680738,11,5,0.45454545454545453,0.38733451617305853,9387,1265,0.40396292745286033,0.5515387587927264,0.18668739591511063,0.0163556744824353,0.6585461451371307,0.5573767911471529,0.6136117219462779,1.0474121720086447,0.9857707509881423,0.6313570487483531,0.9968379446640316,0.5756916996047431,0.16996047430830039,10,1,0.1,0.40396292745286033,7128,1004,0.4219977553310887,0.5504581510900135,0.18653332635139375,0.01834852766313689,0.5668297644657102,0.5561886645509106,0.6167041137658609,1.0303182761777778,0.9800796812749004,0.648738379814077,0.9950199203187251,0.5941235059760956,0.19820717131474103,7,0,0.0,0.4219977553310887,16515,2269,0.41174689676052073,0.5510723602638171,0.1866208983159478,0.014707121722339353,0.6131707980305949,0.5568639866434887,0.6149464218487901,1.0400432634512309,0.9832525341560159,0.6390480387836052,0.996033494931688,0.5838475099162627,0.18245923314235346,17,1,0.058823529411764705,0.41174689676052073
fold_val2025,913.125,0.01,5.352355100003479,0.0588101139555131,0.7908669520285453,-0.04999791108304819,39167.52013813915,205,30848,4162,0.40414289419087135,0.5534601201269196,0.18769973754402705,0.012045779595403143,0.6545689940018345,0.557812515087653,0.6165341898623928,0.7802612603715858,0.9776549735703989,0.6261412782316195,0.996155694377703,0.5755045651129265,0.16578567996155694,0,0,,0.40414289419087135,14703,1936,0.3942732775624022,0.5594023356949304,0.190069289049224,0.01265624385867806,0.6816928200333972,0.5630574202395494,0.6146462971470632,0.6491495206765969,0.9731404958677686,0.6098484848484848,0.9948347107438017,0.5671487603305785,0.15134297520661158,0,0,,0.3942732775624022,9637,1285,0.3993981529521635,0.5469848678608832,0.18526561464595184,0.018945448001888673,0.6811935805456398,0.5527507755600319,0.6109933405896749,1.0431297347899502,0.982101167315175,0.627237354085603,0.9968871595330739,0.5688715953307393,0.16031128404669262,0,0,,0.3993981529521635,6508,941,0.43346650276582666,0.5496238586935039,0.1859508325944021,0.010199574610552162,0.5810100040359366,0.5534585113045166,0.6290042038505116,0.6928527672244663,0.9808714133900106,0.6581650726177825,0.997874601487779,0.6017534537725824,0.20297555791710944,0,0,,0.43346650276582666,16145,2226,0.4131310003096934,0.5480486369744599,0.1855418239001181,0.013029801252603085,0.6361987288677591,0.553036061668741,0.6182534643494472,0.9018263075344299,0.981581311769991,0.6403114705001498,0.9973045822102425,0.5827717879604672,0.17834681042228212,0,0,,0.4131310003096934
fold_val2026,913.125,0.01,5.824355299999297,0.07533265652369174,0.7363963745362678,-0.05813161513965505,46312.615820788684,207,15024,2072,0.41300585729499467,0.5702301657588268,0.19392816750979863,0.014699901377844354,0.5805454428239368,0.577345481898655,0.6274308243877517,1.2324191256210753,0.98503861003861,0.6254826254826255,0.9956563706563707,0.5746460746460746,0.16264478764478765,23,5,0.21739130434782608,0.41300585729499467,6990,936,0.40171673819742487,0.5759842116890765,0.1957771636112697,0.014804204731199111,0.5368741746342908,0.5819071153821953,0.6302945245532547,1.017843490232735,0.9861111111111112,0.6118233618233619,0.9935897435897436,0.5626780626780626,0.1485042735042735,6,1,0.16666666666666666,0.40171673819742487,5162,725,0.42037969779155365,0.5664460748839855,0.19257259480898953,0.013992569970701363,0.686727894199467,0.5752742823196058,0.6212422539960921,1.5346083958461396,0.9848275862068966,0.6395402298850574,0.9972413793103448,0.58,0.17655172413793102,13,3,0.23076923076923078,0.42037969779155365,2872,411,0.4272284122562674,0.5630270654954161,0.19186444311296513,0.02930021647330186,0.5449910290140212,0.5699658559157534,0.6315840751554676,1.217404577540679,0.9829683698296837,0.6317923763179238,0.9975669099756691,0.5924574209245742,0.170316301703163,4,1,0.25,0.4272284122562674,8034,1136,0.42282798108040826,0.5652238449905362,0.19231944424003483,0.016580078820686992,0.6213998757387506,0.5733766222957242,0.6249392555357642,1.4218886833134718,0.9841549295774648,0.6367370892018779,0.9973591549295775,0.5845070422535211,0.1742957746478873,17,4,0.23529411764705882,0.42282798108040826
fold_val2023,913.125,0.1,2.6454834999967716,0.09698405635163357,0.8037507599251535,-0.040001419747609186,17181.9939659445,203,31345,4145,0.39575689902695804,0.5513623059416961,0.1867512096348146,0.010843265378544137,0.6051529700241794,0.5545806529413022,0.6125671394939873,0.5803208212434231,0.9778045838359469,0.6245275432247688,0.9939686369119421,0.5703256936067551,0.16960193003618818,1,0,0.0,0.39575689902695804,14230,1846,0.38805340829234014,0.5534121353135637,0.1875124226140163,0.009783912941307633,0.6021043922879703,0.5549180832311212,0.6110025777140313,0.2713820225120175,0.9750812567713976,0.6143011917659805,0.991332611050921,0.5594528710725893,0.15872156013001085,0,0,,0.38805340829234014,10321,1334,0.38697800600716986,0.5456258676915654,0.18434377075157324,0.016355133055292292,0.6903264130836114,0.5501220464772252,0.6067016698970222,0.8173056896104448,0.97976011994003,0.6239380309845077,0.9947526236881559,0.5712143928035982,0.1634182908545727,0,0,,0.38697800600716986,6794,965,0.42522814247865764,0.5557833697064769,0.1888140762847842,0.01618007181471881,0.5170487823934816,0.5606471298755988,0.6247545439448339,0.8675260979577557,0.9803108808290155,0.6449050086355786,0.9979274611398964,0.5898963730569948,0.19896373056994818,1,0,0.0,0.42522814247865764,17115,2299,0.40216184633362545,0.5496580072585715,0.18611831096732756,0.01628564044246982,0.6070367469336828,0.5543001017859339,0.6138679700010733,0.83746954265492,0.9799913005654632,0.6327388719733217,0.9960852544584602,0.579056111352762,0.17833840800347978,1,0,0.0,0.40216184633362545
fold_val2024,913.125,0.1,3.7210808000018005,0.13726817017673185,0.7659994578411368,-0.03498287203780472,29735.928500558075,204,31169,4164,0.40026949854021626,0.5507887390599795,0.18623707203330409,0.011707021121619657,0.6103536106912776,0.5554064551260349,0.6093222430151809,0.8314120268925509,0.9781460134486071,0.6288024335574767,0.9963976945244957,0.5746677873839258,0.17411143131604226,28,6,0.21428571428571427,0.40026949854021626,14654,1895,0.38733451617305853,0.5504617292911296,0.1858020380630154,0.013807874422147915,0.610719320183175,0.5537638228747211,0.6029081778526246,0.596299983348426,0.9720316622691293,0.6167106420404572,0.9968337730870712,0.5635444151275285,0.16411609498680738,11,5,0.45454545454545453,0.38733451617305853,9387,1265,0.40396292745286033,0.5515474967392389,0.1866906450082193,0.016019092964079547,0.6584892794114493,0.5573767911471529,0.6136828835021729,1.0458444808791887,0.9857707509881423,0.6310935441370225,0.9968379446640316,0.5756916996047431,0.16996047430830039,10,1,0.1,0.40396292745286033,7128,1004,0.4219977553310887,0.5504617950108102,0.18653411163558822,0.018495877567085588,0.5664695939820266,0.5561886645509106,0.6167658988289724,1.029663117051225,0.9800796812749004,0.648738379814077,0.9950199203187251,0.5943725099601593,0.19820717131474103,7,0,0.0,0.4219977553310887,16515,2269,0.41174689676052073,0.551078899589966,0.18662308401033167,0.014472730190975105,0.6129756259523857,0.5568639866434887,0.6150135364388625,1.0388689504581552,0.9832525341560159,0.6389011311884824,0.996033494931688,0.5839576906126047,0.18245923314235346,17,1,0.058823529411764705,0.41174689676052073
fold_val2025,913.125,0.1,5.195051100003184,0.059192030073259155,0.7907634825757553,-0.04984719667005313,39168.50466426603,205,30848,4162,0.40414289419087135,0.5534587783725765,0.18769914979248592,0.012011595453532503,0.6539278704722024,0.557812515087653,0.6165604570711769,0.7805017989587965,0.9776549735703989,0.6261412782316195,0.996155694377703,0.5755045651129265,0.16578567996155694,0,0,,0.40414289419087135,14703,1936,0.3942732775624022,0.5593999623457198,0.19006798853667772,0.012886440528044087,0.6809293986554777,0.5630574202395494,0.6146814763768625,0.6495710317206385,0.9731404958677686,0.6098484848484848,0.9948347107438017,0.5671487603305785,0.15134297520661158,0,0,,0.3942732775624022,9637,1285,0.3993981529521635,0.5469829258841491,0.18526508859479063,0.019545081040154132,0.6802808413882462,0.5527507755600319,0.6110290976296221,1.043481064325783,0.982101167315175,0.627237354085603,0.9968871595330739,0.5688715953307393,0.16031128404669262,0,0,,0.3993981529521635,6508,941,0.43346650276582666,0.5496257363433588,0.18595176376088454,0.010046914024338603,0.58090637514776,0.5534585113045166,0.6289962843739991,0.6925135096619808,0.9808714133900106,0.6581650726177825,0.997874601487779,0.6017534537725824,0.20297555791710944,0,0,,0.43346650276582666,16145,2226,0.4131310003096934,0.548048234677493,0.18554188524892126,0.013078590303566479,0.6356359953367632,0.553036061668741,0.6182716155195203,0.9018990508860565,0.981581311769991,0.6403114705001498,0.9973045822102425,0.5827717879604672,0.17834681042228212,0,0,,0.4131310003096934
fold_val2026,913.125,0.1,5.494213500001933,0.07576285833538608,0.7363131291101608,-0.058356580382718494,46312.96594239591,207,15024,2072,0.41300585729499467,0.5702281958671955,0.19392744130938191,0.014821875936268523,0.5797581651802226,0.577345481898655,0.6274428978224222,1.2327603236893068,0.98503861003861,0.6254826254826255,0.9956563706563707,0.5746460746460746,0.16264478764478765,23,5,0.21739130434782608,0.41300585729499467,6990,936,0.40171673819742487,0.5759807883581237,0.19577580750892276,0.01495028818326602,0.5355786389161895,0.5819071153821953,0.6303149576277335,1.0184317853166631,0.9861111111111112,0.6121794871794872,0.9935897435897436,0.5626780626780626,0.1485042735042735,6,1,0.16666666666666666,0.40171673819742487,5162,725,0.42037969779155365,0.5664446900861557,0.19257206636454055,0.01426597365797099,0.6864088973371739,0.5752742823196058,0.6212799065572221,1.5348491154250083,0.9848275862068966,0.639080459770115,0.9972413793103448,0.58,0.17655172413793102,13,3,0.23076923076923078,0.42037969779155365,2872,411,0.4272284122562674,0.5630275814278292,0.1918648945581567,0.029302412276908486,0.5451060695537513,0.5699658559157534,0.6315298277917252,1.2173140576599424,0.9829683698296837,0.6317923763179238,0.9975669099756691,0.5924574209245742,0.170316301703163,4,1,0.25,0.4272284122562674,8034,1136,0.42282798108040826,0.5652231396670975,0.19231926608722733,0.016529296825523572,0.6212582832607307,0.5733766222957242,0.6249440556467781,1.4220116955555722,0.9841549295774648,0.636443661971831,0.9973591549295775,0.5845070422535211,0.1742957746478873,17,4,0.23529411764705882,0.42282798108040826
fold_val2023,913.125,1.0,2.716426799997862,0.09537417949611002,0.8042879899850297,-0.040271307558316795,17183.01975055075,203,31345,4145,0.39575689902695804,0.551371698949911,0.18675489481846205,0.010922595976948635,0.6054703303022329,0.5545806529413022,0.6125444067799314,0.5786271075941856,0.9778045838359469,0.6243667068757539,0.9939686369119421,0.5703860072376357,0.16960193003618818,1,0,0.0,0.39575689902695804,14230,1846,0.38805340829234014,0.5534214536332611,0.1875165036278041,0.009422734444283347,0.6025330055117161,0.5549180832311212,0.6109934071197801,0.2697027981401683,0.9750812567713976,0.6143011917659805,0.991332611050921,0.5594528710725893,0.15872156013001085,0,0,,0.38805340829234014,10321,1334,0.38697800600716986,0.5456366135087592,0.18434692391629154,0.01635809920971193,0.6905273641338202,0.5501220464772252,0.6067643539957878,0.8153523381200511,0.97976011994003,0.623688155922039,0.9947526236881559,0.5712143928035982,0.1634182908545727,0,0,,0.38697800600716986,6794,965,0.42522814247865764,0.5557908640505963,0.18881774061245166,0.016622302144325696,0.5172926113600599,0.5606471298755988,0.6245736458068814,0.8661893669339013,0.9803108808290155,0.644559585492228,0.9979274611398964,0.5901554404145077,0.19896373056994818,1,0,0.0,0.42522814247865764,17115,2299,0.40216184633362545,0.5496674623653904,0.1861216670441742,0.01643867289968687,0.6072644907061441,0.5543001017859339,0.6138339612738812,0.835763768690876,0.9799913005654632,0.6324488908220965,0.9960852544584602,0.5791648542844715,0.17833840800347978,1,0,0.0,0.40216184633362545
fold_val2024,913.125,1.0,4.028498299994681,0.13758844925689104,0.7659686194907607,-0.03468503517182303,29735.976764234936,204,31169,4164,0.40026949854021626,0.5507889623345127,0.18623663265388254,0.011710696945921584,0.6105025115451208,0.5554064551260349,0.6092665004249871,0.8313718266876136,0.9781460134486071,0.6288024335574767,0.9963976945244957,0.5745477105347423,0.17435158501440923,28,6,0.21428571428571427,0.40026949854021626,14654,1895,0.38733451617305853,0.550460370817963,0.18580011564658855,0.013769496737806667,0.6106665213419933,0.5537638228747211,0.6028335655157975,0.5965452996927788,0.9720316622691293,0.6163588390501319,0.9968337730870712,0.5634124890061565,0.16411609498680738,11,5,0.45454545454545453,0.38733451617305853,9387,1265,0.40396292745286033,0.5515414202216334,0.1866884408016129,0.01613518723745075,0.6586626553288136,0.5573767911471529,0.6136119270852184,1.046934680130743,0.9857707509881423,0.6313570487483531,0.9968379446640316,0.5756916996047431,0.16996047430830039,10,1,0.1,0.40396292745286033,7128,1004,0.4219977553310887,0.5504735664165995,0.18653904527202814,0.01857550261483267,0.5669910238757768,0.5561886645509106,0.6167689847262882,1.0275466758974223,0.9800796812749004,0.649070385126162,0.9950199203187251,0.5941235059760956,0.199203187250996,7,0,0.0,0.4219977553310887,16515,2269,0.41174689676052073,0.5510805263722673,0.18662396055124172,0.014562538916245196,0.6133085420615321,0.5568639866434887,0.6149745372496473,1.038576817668043,0.9832525341560159,0.6391949463787279,0.996033494931688,0.5838475099162627,0.18289995592772146,17,1,0.058823529411764705,0.41174689676052073
fold_val2025,913.125,1.0,5.153716200002236,0.05872206364921524,0.7909213042879856,-0.05000249716875203,39168.673028211044,205,30848,4162,0.40414289419087135,0.5534606290942498,0.18769981315133555,0.01199359478849294,0.6545347616742418,0.557812515087653,0.6165468879763379,0.7801700169311101,0.9776549735703989,0.6261412782316195,0.996155694377703,0.5755045651129265,0.16578567996155694,0,0,,0.40414289419087135,14703,1936,0.3942732775624022,0.5594022728169968,0.1900691498799396,0.012617478536849674,0.6816811929469818,0.5630574202395494,0.6146450701208597,0.6491606879095054,0.9731404958677686,0.6098484848484848,0.9948347107438017,0.5671487603305785,0.15134297520661158,0,0,,0.3942732775624022,9637,1285,0.3993981529521635,0.5469856139570404,0.18526575704599538,0.01896649754805608,0.6811137014686715,0.5527507755600319,0.6110220317425266,1.0429947560273363,0.982101167315175,0.627237354085603,0.9968871595330739,0.5688715953307393,0.16031128404669262,0,0,,0.3993981529521635,6508,941,0.43346650276582666,0.549625308446084,0.1859512945229547,0.010200872475296451,0.5810696240469951,0.5534585113045166,0.6290246795335505,0.6925908230045321,0.9808714133900106,0.6581650726177825,0.997874601487779,0.6017534537725824,0.20297555791710944,0,0,,0.43346650276582666,16145,2226,0.4131310003096934,0.5480496667123637,0.18554209510112402,0.013032942619660476,0.6361788874398474,0.553036061668741,0.6182788438716058,0.9016401102906885,0.981581311769991,0.6403114705001498,0.9973045822102425,0.5827717879604672,0.17834681042228212,0,0,,0.4131310003096934
fold_val2026,913.125,1.0,5.915392599999905,0.07549658476312761,0.7363784323869459,-0.05859550455204157,46313.57454197558,207,15024,2072,0.41300585729499467,0.57022989672277,0.1939282470281055,0.014993844965076011,0.5805017053745695,0.577345481898655,0.6274177597232427,1.2324657244194033,0.98503861003861,0.6256435006435005,0.9956563706563707,0.5745254182754184,0.16312741312741313,23,5,0.21739130434782608,0.41300585729499467,6990,936,0.40171673819742487,0.5759836857415448,0.1957772303750181,0.015145778498660568,0.5368109819616712,0.5819071153821953,0.6302750990427622,1.0179338736492365,0.9861111111111112,0.6118233618233619,0.9935897435897436,0.5626780626780626,0.1485042735042735,6,1,0.16666666666666666,0.40171673819742487,5162,725,0.42037969779155365,0.5664436829525795,0.19257181505158175,0.014379947125841147,0.6867347106377543,0.5752742823196058,0.6212069191991961,1.5350241855797426,0.9848275862068966,0.6395402298850574,0.9972413793103448,0.579655172413793,0.17655172413793102,13,3,0.23076923076923078,0.42037969779155365,2872,411,0.4272284122562674,0.5630312373357529,0.19186609809631447,0.029290432040852358,0.5447487749931342,0.5699658559157534,0.6316265191040524,1.2166726318822783,0.9829683698296837,0.6326034063260341,0.9975669099756691,0.5924574209245742,0.17274939172749393,4,1,0.25,0.4272284122562674,8034,1136,0.42282798108040826,0.5652237994808934,0.1923195348554743,0.016828759870581807,0.6213362216544979,0.5733766222957242,0.624931725139792,1.4218966204425876,0.9841549295774648,0.637030516431925,0.9973591549295775,0.5842869718309859,0.17517605633802816,17,4,0.23529411764705882,0.42282798108040826
