entry_id,race_id,track,race_date,race_num,y_true,finish_pos,final_odds,y_pred,p_fund,p_aug_blend,p_aug_fundamental,pp_ml_decimal,pp_prime_power,pp_best_speed
114833,14647,GP,2026-05-08,1,1,1.0,3.1,0.5287772489564799,0.3421191617542993,0.4539433808621285,0.3104831613270348,9.0,111.4,66.0
114834,14647,GP,2026-05-08,1,1,2.0,5.1,0.4203440363694975,0.3340589600970621,0.33386165929149836,0.2822408083823014,5.5,100.8,65.0
114835,14647,GP,2026-05-08,1,1,3.0,10.4,0.2824567979234684,0.3033176991153412,0.3196897936153551,0.38179591954673503,9.0,106.6,67.0
114836,14647,GP,2026-05-08,1,0,4.0,3.1,0.5454548269920114,0.558807728715659,0.6062594969936612,0.6902708953144572,4.0,114.9,71.0
114837,14647,GP,2026-05-08,1,0,5.0,2.7,0.5904116907428779,0.7487909565275574,0.4698839991424927,0.7018401680665964,3.0,104.8,73.0
114838,14647,GP,2026-05-08,1,0,6.0,24.5,0.1640232068076066,0.2575726348400391,0.1858441713251016,0.2292902406736165,11.0,115.6,78.0
114839,14647,GP,2026-05-08,1,0,7.0,4.9,0.4433885663912834,0.5239727764742586,0.3598761250642256,0.43334225964822903,5.0,106.6,
114840,14648,GP,2026-05-08,2,1,1.0,4.6,0.5272872298733163,0.6378850393305062,0.5808996280024619,0.713355630484072,3.5,111.2,79.0
114841,14648,GP,2026-05-08,2,1,2.0,1.7,0.7322133100651949,0.5548676505636341,0.8207602290494888,0.7716068266866812,2.6,115.1,81.0
114842,14648,GP,2026-05-08,2,1,3.0,1.4,0.7594452098775964,0.5020678463763574,0.8531768541151138,0.7085610089673262,4.5,114.2,86.0
114843,14648,GP,2026-05-08,2,0,4.0,14.0,0.2703450480879041,0.3634093320987351,0.28898612217277275,0.37860221653107484,13.0,107.0,82.0
114844,14648,GP,2026-05-08,2,0,5.0,5.0,0.4854074746552137,0.3661719912737549,0.5102891426730303,0.4751861321217242,4.0,108.6,75.0
114845,14648,GP,2026-05-08,2,0,6.0,49.7,0.1187631672008854,0.3420900196446351,0.13365419028413827,0.2812510885753496,16.0,97.1,68.0
114846,14649,GP,2026-05-08,3,1,1.0,14.1,0.2776410551260364,0.5583843783666669,0.21502141546877426,0.4741873038580443,11.0,108.2,80.0
114847,14649,GP,2026-05-08,3,1,2.0,1.2,0.7867351569304253,0.6543541183165291,0.7829405757926341,0.7262653891400898,2.8,116.0,75.0
114848,14649,GP,2026-05-08,3,1,3.0,3.7,0.5673163858507823,0.5700747620560563,0.5723478925513672,0.6035241539992289,3.5,110.7,68.0
114849,14649,GP,2026-05-08,3,0,4.0,3.1,0.6109205691558613,0.58918222374296,0.6629028602950712,0.7238598292351591,5.0,108.7,84.0
114850,14649,GP,2026-05-08,3,0,5.0,3.1,0.6101386129049473,0.5785805906443375,0.5194219862115832,0.5160501872406872,4.0,112.1,78.0
114851,14650,GP,2026-05-08,4,1,1.0,5.4,0.5242584005607108,0.6552558392832374,0.3484060287154253,0.43801717537130325,7.0,111.8,74.0
114852,14650,GP,2026-05-08,4,1,2.0,3.0,0.6691554250811751,0.6692094414010158,0.7389038203502682,0.7824013467789402,,113.9,77.0
114853,14650,GP,2026-05-08,4,1,3.0,20.0,0.2345497164840437,0.3860942849330388,0.2204692114418889,0.20514271989915542,21.0,108.6,76.0
114854,14650,GP,2026-05-08,4,0,4.0,0.7,0.8694512093799907,0.6512958894083402,0.9482036919141711,0.8925612022900744,3.0,117.4,80.0
114855,14650,GP,2026-05-08,4,0,5.0,4.2,0.5786409851120587,0.5095407293627121,0.4814580613478014,0.4620012531503349,7.0,112.8,79.0
114856,14651,GP,2026-05-08,5,1,1.0,10.9,0.2921814858172311,0.2070289707272827,0.2069627881394637,0.1067549726193332,11.0,121.8,83.0
114857,14651,GP,2026-05-08,5,1,2.0,14.1,0.2515633414461204,0.2237002120025026,0.11861959972402299,0.08318127346032447,9.0,111.3,81.0
114858,14651,GP,2026-05-08,5,1,3.0,0.8,0.7818222138696002,0.2529607443169594,0.7660117771142276,0.23106531326468666,5.0,136.3,90.0
114859,14651,GP,2026-05-08,5,0,4.0,7.6,0.3739390452093993,0.3728197612201887,0.46453048865568747,0.4425574383743417,7.0,120.8,92.0
114860,14651,GP,2026-05-08,5,0,5.0,10.4,0.304975112865005,0.2582192880784859,0.4568494449855275,0.3907739283445798,7.0,125.3,84.0
114861,14651,GP,2026-05-08,5,0,6.0,58.5,0.0984052151577588,0.1938777638631859,0.10420073285932738,0.16423805384824983,13.0,111.9,77.0
114862,14651,GP,2026-05-08,5,0,7.0,31.5,0.1439494071152354,0.1221692229062752,0.09516993706154098,0.05154746877596456,16.0,112.0,88.0
114863,14651,GP,2026-05-08,5,0,8.0,6.7,0.3936810367917919,0.2951950843621402,0.2869171902040865,0.1748352546597304,7.0,126.1,83.0
114864,14651,GP,2026-05-08,5,0,9.0,7.4,0.3639085985928121,0.197955874797357,0.41976869778953624,0.21561915120906858,6.0,122.1,81.0
114865,14651,GP,2026-05-08,5,0,10.0,54.5,0.1015997749969362,0.1589419451061354,0.11370120622661868,0.14191359411358045,21.0,126.7,81.0
114866,14652,GP,2026-05-08,6,1,1.0,3.7,0.6565271439900318,0.5172608043070426,0.7101538960151657,0.7315421216334015,2.8,123.3,79.0
114867,14652,GP,2026-05-08,6,1,2.0,0.4,0.9256830961216526,0.8978878760462021,0.9188996273928409,0.9076334072127746,2.6,127.9,85.0
114868,14652,GP,2026-05-08,6,1,3.0,11.5,0.3824477681059918,0.5172194198919166,0.34926471154565414,0.5196561646272371,7.0,117.0,81.0
114869,14652,GP,2026-05-08,6,0,4.0,27.1,0.2230025580495961,0.4507451304545959,0.25244326223075936,0.3726531513101126,21.0,116.2,82.0
114870,14652,GP,2026-05-08,6,0,5.0,7.5,0.4872741675781472,0.5300636629721593,0.6006881899895743,0.6120104154405527,4.5,114.7,75.0
114871,14652,GP,2026-05-08,6,0,6.0,15.0,0.327545565517445,0.5295843986331571,0.2363732180523616,0.3553964062952479,7.0,127.9,
114872,14653,GP,2026-05-08,7,1,1.0,3.5,0.5755762107545991,0.3395189980117484,0.7382706591672472,0.5325881056842794,9.0,102.1,79.0
114873,14653,GP,2026-05-08,7,1,2.0,4.6,0.5350018784468146,0.6485270263610599,0.587816512374493,0.8020920586165504,3.5,111.3,79.0
114874,14653,GP,2026-05-08,7,1,3.0,5.4,0.4793860887680662,0.43050482874116,0.5950871647387433,0.673974748035845,4.0,106.0,79.0
114875,14653,GP,2026-05-08,7,0,4.0,13.9,0.2576244190891164,0.1261687297818699,0.199107999002451,0.10795885044764611,9.0,102.5,75.0
114876,14653,GP,2026-05-08,7,0,5.0,0.8,0.8310946983984028,0.5882092731965054,0.8210251798768676,0.6834685688112437,2.4,124.1,84.0
114877,14653,GP,2026-05-08,7,0,6.0,72.0,0.0891798982818402,0.1769913697261901,0.09404052721320769,0.09864095750631365,31.0,87.0,82.0
114878,14653,GP,2026-05-08,7,0,7.0,29.2,0.1733322629243092,0.3446410363216339,0.1740201245867079,0.3287566296942463,13.0,103.7,79.0
114879,14654,GP,2026-05-08,8,1,1.0,1.4,0.7425937212817655,0.5001721600531391,0.8756488625713866,0.8354114625299911,2.8,114.2,86.0
114880,14654,GP,2026-05-08,8,1,2.0,5.9,0.4295999021867851,0.3200016797771625,0.5251197690725334,0.4080632863939719,9.0,110.3,89.0
114881,14654,GP,2026-05-08,8,1,3.0,1.9,0.678801287163115,0.3061828823592823,0.8377594196137811,0.6388339472212241,3.0,111.7,88.0
114882,14654,GP,2026-05-08,8,0,4.0,4.9,0.4903589058823782,0.5397729086978494,0.7014539334540076,0.8180029850475347,3.5,113.3,82.0
114883,14654,GP,2026-05-08,8,0,5.0,14.3,0.2539561042060225,0.2658299739208449,0.30103882441851354,0.3524710353989847,,109.8,87.0
114884,14654,GP,2026-05-08,8,0,6.0,12.1,0.2780669231940648,0.2275275081148668,0.4614362524882497,0.34626747385250545,13.0,112.0,84.0
114885,14655,GP,2026-05-08,9,1,1.0,1.9,0.6668751414201906,0.5168301215158508,0.8766189410449201,0.7843832056218241,3.5,129.7,83.0
114886,14655,GP,2026-05-08,9,1,2.0,1.7,0.6824460111602454,0.4536855398335956,0.7792208697865229,0.6447138389515898,3.0,115.8,79.0
114887,14655,GP,2026-05-08,9,1,3.0,7.0,0.3767405326255568,0.3385516947900315,0.5748507484728469,0.5905360763349907,7.0,117.6,72.0
114888,14655,GP,2026-05-08,9,0,4.0,7.3,0.3797986220257092,0.4975157838852174,0.44094365078822506,0.6167983396321581,9.0,119.6,84.0
114889,14655,GP,2026-05-08,9,0,5.0,16.3,0.2260577533106297,0.2822695146765828,0.26869096670208253,0.297754868776366,9.0,106.2,77.0
114890,14655,GP,2026-05-08,9,0,6.0,17.8,0.2057378111597248,0.1691052809408015,0.15242666700167398,0.10903331267174667,13.0,108.2,81.0
114891,14655,GP,2026-05-08,9,0,7.0,7.7,0.3482354157950458,0.2307600223645115,0.20012870596238513,0.11909509423116019,6.0,113.9,69.0
114892,14655,GP,2026-05-08,9,0,8.0,36.7,0.1258736180447731,0.1312869895068055,0.06035870827566166,0.035428978890062246,16.0,91.0,42.0
114893,14656,GP,2026-05-09,1,1,1.0,15.1,0.2405112383795044,0.3084600782606168,0.24256589799942543,0.32583423361160413,11.0,104.3,71.0
114894,14656,GP,2026-05-09,1,1,2.0,1.5,0.7041461182321936,0.35412103681548,0.5296048088874488,0.22916867595299453,,110.0,69.0
114895,14656,GP,2026-05-09,1,1,3.0,3.4,0.5478158432941268,0.4048879399330529,0.6210528290881803,0.6121156209027757,3.5,108.1,79.0
114896,14656,GP,2026-05-09,1,0,4.0,12.8,0.2474135633630465,0.1089722741266384,0.21888170217266112,0.11171594994613729,11.0,100.1,65.0
114897,14656,GP,2026-05-09,1,0,5.0,16.7,0.2194348439171678,0.2126507142660769,0.1659811317086614,0.08274752405697962,16.0,99.3,69.0
114898,14656,GP,2026-05-09,1,0,6.0,2.3,0.6293066063261776,0.3908995844649156,0.6484280896965958,0.5227527094197312,5.0,114.0,75.0
114899,14656,GP,2026-05-09,1,0,7.0,14.4,0.252692377322089,0.3896624527522845,0.3797261973668592,0.5454745977999262,7.0,107.1,68.0
114900,14656,GP,2026-05-09,1,0,8.0,54.3,0.1053283028256076,0.3290382281683388,0.07852370901507807,0.17905194152319412,16.0,94.7,71.0
114901,14656,GP,2026-05-09,1,0,9.0,74.2,0.0809939527558322,0.1933451285820179,0.030226901440156946,0.025682606714131133,31.0,88.9,52.0
114902,14657,GP,2026-05-09,2,1,1.0,1.3,0.7932954941470791,0.7080550035662905,0.6580396913742231,0.6673285488752444,2.6,128.1,90.0
114903,14657,GP,2026-05-09,2,1,2.0,3.5,0.6102757743865779,0.6558265121725936,0.7782692332634642,0.859846398923902,5.5,130.4,89.0
114904,14657,GP,2026-05-09,2,1,3.0,8.8,0.3572159927392189,0.3036329849372284,0.23623604857114183,0.18007165791794505,6.0,123.7,91.0
114905,14657,GP,2026-05-09,2,0,4.0,1.6,0.7648591494190321,0.7173454164559762,0.6652574126852794,0.6654082625639696,2.8,133.1,89.0
114906,14657,GP,2026-05-09,2,0,5.0,10.0,0.3510584342886598,0.5825251508542463,0.5049648932527109,0.8101615473718038,7.0,134.4,86.0
114907,14658,GP,2026-05-09,3,1,1.0,5.4,0.4257361236716842,0.2982598506917926,0.5413430555888733,0.4920045225629031,5.5,104.6,66.0
114908,14658,GP,2026-05-09,3,1,2.0,1.3,0.7155077356025061,0.3403919312727909,0.7034203689044363,0.4308362509371589,3.0,108.3,80.0
114909,14658,GP,2026-05-09,3,1,3.0,12.4,0.2734094878793872,0.3935040195971853,0.31283943120279306,0.4613183830943874,11.0,,82.0
114910,14658,GP,2026-05-09,3,0,4.0,3.5,0.5287006439090979,0.3821980513297707,0.6231573723055729,0.6070874761471362,3.5,105.7,73.0
114911,14658,GP,2026-05-09,3,0,5.0,21.0,0.1939399490537256,0.3184503516119968,0.16322579738513754,0.20047637283689776,11.0,100.6,74.0
114912,14658,GP,2026-05-09,3,0,6.0,7.8,0.3487846544814479,0.2882936491492002,0.35107461257510403,0.25661177274587077,7.0,103.5,71.0
114913,14658,GP,2026-05-09,3,0,7.0,58.8,0.0965825443842429,0.2636590922565121,0.05676351016284521,0.08807631170111693,21.0,95.3,64.0
114914,14658,GP,2026-05-09,3,0,8.0,5.8,0.4153925014293286,0.3592468310738415,0.22368020246599868,0.17259606450778128,9.0,101.0,75.0
114915,14659,GP,2026-05-09,4,1,1.0,3.4,0.5117554389233935,0.2952719270189005,0.6193283123056548,0.4334824636865186,9.0,113.2,80.0
114916,14659,GP,2026-05-09,4,1,2.0,1.9,0.6398271365213751,0.3998157231493759,0.6202875187187505,0.4079803548922985,4.5,,
114917,14659,GP,2026-05-09,4,1,3.0,25.6,0.1622736768159435,0.2648306340508684,0.08496520589343298,0.1071630395437771,16.0,102.0,88.0
114918,14659,GP,2026-05-09,4,0,4.0,3.3,0.5457074804632814,0.6441271774154032,0.7099188202846,0.8569184456414295,4.0,122.5,75.0
114919,14659,GP,2026-05-09,4,0,5.0,6.8,0.3694832243394338,0.3645106752012611,0.2996675364796781,0.3325336630380177,5.0,102.0,
114920,14659,GP,2026-05-09,4,0,6.0,6.0,0.3915122017781247,0.3223786147246769,0.34926206151214434,0.3702101307384995,3.5,122.5,
114921,14659,GP,2026-05-09,4,0,7.0,27.3,0.1573664445662992,0.3000722547672572,0.10986031561360934,0.17032611797082448,16.0,103.3,55.0
114922,14659,GP,2026-05-09,4,0,8.0,14.3,0.2407924544400199,0.3653549060675899,0.3479589299973216,0.4724008066075508,11.0,112.6,67.0
114923,14660,GP,2026-05-09,5,1,1.0,1.1,0.8584923200091057,0.7925263201805753,0.917254384143683,0.915645984402044,5.0,125.8,88.0
114924,14660,GP,2026-05-09,5,1,2.0,1.7,0.8071927632085455,0.756417493366282,0.8353485642343363,0.8758850575244463,2.6,129.1,91.0
114925,14660,GP,2026-05-09,5,1,3.0,11.0,0.3499382071398491,0.530488475041751,0.31568077503153713,0.5455772416620958,4.0,115.8,91.0
114926,14660,GP,2026-05-09,5,0,4.0,2.8,0.7010593629646034,0.3683363424500509,0.7532441141675712,0.5671424965848024,3.5,126.2,92.0
114927,14660,GP,2026-05-09,5,0,5.0,34.2,0.1582947846928078,0.2211356614947753,0.2652416527028213,0.3002008042198131,13.0,111.5,81.0
114928,14661,GP,2026-05-09,6,1,1.0,2.8,0.6204247420894877,0.3833667909261563,0.4397907301276252,0.267442467440719,4.0,130.7,81.0
114929,14661,GP,2026-05-09,6,1,2.0,0.9,0.804748660609282,0.4208690132525046,0.5939254459608231,0.2546357665919707,2.6,138.0,85.0
114930,14661,GP,2026-05-09,6,1,3.0,6.5,0.4279887579179204,0.396498582989645,0.4789061392031557,0.4880927780390169,4.5,,
114931,14661,GP,2026-05-09,6,0,4.0,5.5,0.4653459520106394,0.3749072143718476,0.4478174529968937,0.3759291156275442,13.0,,
114932,14661,GP,2026-05-09,6,0,5.0,14.5,0.2693274890572112,0.3900898928556265,0.17448759845577858,0.24313934928433376,13.0,109.9,
114933,14661,GP,2026-05-09,6,0,6.0,65.1,0.0972927286347584,0.2513489806447819,0.07359400102832285,0.1470159117692646,21.0,109.9,
114934,14661,GP,2026-05-09,6,0,7.0,21.3,0.2066229521451034,0.2912431646002669,0.13086781765862016,0.13354880687667023,21.0,108.4,68.0
114935,14661,GP,2026-05-09,6,0,8.0,54.3,0.111911086715111,0.3001169525033867,0.09327205417451939,0.19328217718288473,16.0,,
114936,14662,GP,2026-05-09,7,1,1.0,2.2,0.5945334676527014,0.4719778221606546,0.2447857953052505,0.20957345566604313,3.0,111.2,77.0
114937,14662,GP,2026-05-09,7,1,2.0,7.1,0.3369750200163394,0.23663316166455,0.2755332929772505,0.1798740029327843,9.0,115.2,75.0
114938,14662,GP,2026-05-09,7,1,3.0,5.8,0.3796979093283539,0.2802725914810909,0.3185374509270933,0.18521457140212594,11.0,104.8,80.0
114939,14662,GP,2026-05-09,7,0,4.0,4.6,0.4304323905099664,0.3227553491511442,0.5840495540733592,0.5300673639288311,7.0,112.3,75.0
114940,14662,GP,2026-05-09,7,0,5.0,9.5,0.2893666605814194,0.2807057832917063,0.26156660362341466,0.23427144621565704,9.0,109.4,77.0
114941,14662,GP,2026-05-09,7,0,6.0,51.8,0.0887203447707196,0.0786162700914078,0.12736253855627527,0.048205346285089455,21.0,100.3,72.0
114942,14662,GP,2026-05-09,7,0,7.0,58.5,0.0833396117918035,0.1037308534976773,0.05136179145852871,0.022884586556473872,31.0,102.4,70.0
114943,14662,GP,2026-05-09,7,0,8.0,6.2,0.3699697869487316,0.3202962155158932,0.4252949337168903,0.34185136702025604,7.0,104.5,72.0
114944,14662,GP,2026-05-09,7,0,9.0,6.2,0.3684440030448513,0.3016729780149745,0.4710024530618499,0.4136528751324486,5.5,113.6,74.0
114945,14662,GP,2026-05-09,7,0,10.0,25.0,0.1506397648107862,0.1360852064048188,0.1260560301401408,0.06286702450544084,21.0,100.1,76.0
114946,14663,GP,2026-05-09,8,1,1.0,7.8,0.4536237497681553,0.428851067477237,0.3095381284575692,0.2673790289785645,11.0,120.8,81.0
114947,14663,GP,2026-05-09,8,1,2.0,12.2,0.3592001733499958,0.5549433330375682,0.29366099130008566,0.45690835011869274,13.0,,
114948,14663,GP,2026-05-09,8,1,3.0,26.5,0.2211724680700309,0.5118291762850915,0.15121991202644286,0.3641461894553044,11.0,130.9,
114949,14663,GP,2026-05-09,8,0,4.0,0.5,0.8984203384936577,0.5716271589991724,0.8180257653880615,0.45075583564441274,3.0,131.1,81.0
114950,14663,GP,2026-05-09,8,0,5.0,3.2,0.6749608269215368,0.5668390886483688,0.6088388339598032,0.5002177086700602,7.0,123.3,63.0
114951,14663,GP,2026-05-09,8,0,6.0,11.0,0.3854208508263216,0.6076448892343104,0.3362806310265497,0.5335676930146664,7.0,131.1,
114952,14664,GP,2026-05-09,9,1,1.0,2.6,0.6336376451383663,0.7694792285781035,0.7880957936519454,0.906606100437934,5.5,123.8,86.0
114953,14664,GP,2026-05-09,9,1,2.0,5.3,0.4528918201596974,0.4975031089574155,0.3796957352789623,0.4122671038367272,4.0,117.1,89.0
114954,14664,GP,2026-05-09,9,1,3.0,11.4,0.3041668743674185,0.5923499621857345,0.2754890755959693,0.3969373697222404,16.0,118.2,83.0
114955,14664,GP,2026-05-09,9,0,4.0,7.1,0.3994858975250627,0.6383024902808986,0.5806043343067852,0.7757631668662807,9.0,118.2,89.0
114956,14664,GP,2026-05-09,9,0,5.0,5.4,0.4544541172587092,0.57432774260565,0.6318571752594012,0.7294342555989554,11.0,122.2,89.0
114957,14664,GP,2026-05-09,9,0,6.0,1.4,0.746594190486229,0.8068801913410283,0.7286292760649563,0.8237179719202442,,125.7,88.0
114958,14665,GP,2026-05-09,10,1,1.0,7.4,0.3286286518709497,0.2946998095911088,0.17211201691055286,0.1870123546039353,5.0,119.7,74.0
114959,14665,GP,2026-05-09,10,1,2.0,4.6,0.4462418236419035,0.6267281842786305,0.22549354612552186,0.38968485916281925,5.5,125.9,81.0
114960,14665,GP,2026-05-09,10,1,3.0,2.1,0.589754744502214,0.4187111134650477,0.6513350012251059,0.5025704027463207,4.5,123.0,83.0
114961,14665,GP,2026-05-09,10,0,4.0,11.0,0.2705681908102146,0.4259082923261871,0.14703064490563691,0.15100172819245852,11.0,115.3,
114962,14665,GP,2026-05-09,10,0,5.0,13.8,0.2330400344350846,0.3639405996243267,0.28514498449918174,0.35072894659488857,13.0,115.8,73.0
114963,14665,GP,2026-05-09,10,0,6.0,11.2,0.2618806319173517,0.332289010170218,0.08743861793492026,0.07055709553021003,16.0,115.3,75.0
114964,14665,GP,2026-05-09,10,0,7.0,9.2,0.2928898378664031,0.3232651319979728,0.20301724153514433,0.18946286697441803,9.0,122.4,78.0
114965,14665,GP,2026-05-09,10,0,8.0,8.8,0.307282550663201,0.4239639981269965,0.4320363163219643,0.43089425783693386,11.0,118.8,80.0
114966,14665,GP,2026-05-09,10,0,9.0,9.4,0.284971406739857,0.2650471761494569,0.18842888782207495,0.17388860057871136,6.0,122.4,
114967,14665,GP,2026-05-09,10,0,10.0,13.4,0.2283280006669265,0.2282014821604075,0.10781262460005732,0.06674868425902791,11.0,107.5,
169679,22419,CT,2026-05-09,1,1,1.0,0.7,0.8767000704716371,0.7138473531738695,0.8453192609992369,0.7347029617178455,3.0,108.8,80.0
169680,22419,CT,2026-05-09,1,1,2.0,10.3,0.3941948858408712,0.6230064589777059,0.36396187708688466,0.708880470582965,6.0,109.8,77.0
169681,22419,CT,2026-05-09,1,1,3.0,1.8,0.7713125889613948,0.6042778536093415,0.8528398107831118,0.8166552477471211,2.6,116.9,81.0
169682,22419,CT,2026-05-09,1,0,4.0,10.3,0.3830705655093562,0.4702916465251294,0.27813686330530984,0.43260234509059936,5.5,102.8,69.0
169683,22419,CT,2026-05-09,1,0,5.0,33.3,0.1766499769608399,0.3114487968538924,0.12723932880327637,0.1422640901234151,16.0,97.2,63.0
169684,22419,CT,2026-05-09,1,0,6.0,56.4,0.1182805253616337,0.176745368583327,0.06284771548771159,0.04777820037097552,21.0,94.8,87.0
169685,22419,CT,2026-05-09,1,0,7.0,13.5,0.3180839135958641,0.3601360804463325,0.4186150802662435,0.49003784450285426,13.0,101.8,71.0
169686,22420,CT,2026-05-09,2,1,1.0,4.4,0.5504332647669067,0.6607304773704079,0.42017611589145704,0.471982362868263,5.0,109.3,84.0
169687,22420,CT,2026-05-09,2,1,2.0,11.7,0.3133260244965486,0.4021967060955782,0.3067522964661462,0.3406745182307445,11.0,105.1,67.0
169688,22420,CT,2026-05-09,2,1,3.0,16.4,0.2600121788763853,0.478873569712352,0.250883643704206,0.433433435074056,13.0,103.8,65.0
169689,22420,CT,2026-05-09,2,0,4.0,0.8,0.8321602037028722,0.6243062243483205,0.9442669183064994,0.9172678186042919,2.0,111.8,76.0
169690,22420,CT,2026-05-09,2,0,5.0,3.2,0.6144548083156991,0.561049441985151,0.6678517475885062,0.7241034596887251,4.0,109.6,83.0
169691,22420,CT,2026-05-09,2,0,6.0,19.3,0.226902770087482,0.3314284971519965,0.13700819002149625,0.20355767748194736,16.0,98.9,74.0
169692,22420,CT,2026-05-09,2,0,7.0,17.8,0.2517281263974461,0.5579161165430949,0.2202273762324899,0.3572789461381124,16.0,101.5,67.0
169693,22421,CT,2026-05-09,3,1,1.0,9.4,0.3712559274883936,0.4686691702800686,0.33261347162406474,0.43033135929620236,9.0,113.1,91.0
169694,22421,CT,2026-05-09,3,1,2.0,2.4,0.7192657366006606,0.7338618059607482,0.5740206467908904,0.6180281202334845,2.8,119.7,91.0
169695,22421,CT,2026-05-09,3,1,3.0,3.3,0.6494662205348547,0.6676088128466201,0.6359273688710304,0.6926226869164861,5.5,116.9,88.0
169696,22421,CT,2026-05-09,3,0,4.0,0.8,0.8544463936168414,0.5672635273808159,0.972456328479221,0.9112366750675649,2.6,117.6,85.0
169697,22421,CT,2026-05-09,3,0,5.0,13.8,0.2947436243109841,0.4521684222849143,0.23220111091892381,0.2932323683606576,11.0,111.4,83.0
169698,22422,CT,2026-05-09,4,1,1.0,7.6,0.3774109485089476,0.4771284968448712,0.2256179468331139,0.3663256272546159,5.0,119.9,89.0
169699,22422,CT,2026-05-09,4,1,2.0,1.6,0.7286971331810779,0.705436951850828,0.7970649435766196,0.8194415375477786,3.5,122.7,89.0
169700,22422,CT,2026-05-09,4,1,3.0,2.6,0.6320111198935616,0.612469879854041,0.3978976512072171,0.28795924061646816,5.5,122.7,85.0
169701,22422,CT,2026-05-09,4,0,4.0,9.1,0.3481711542784015,0.5781162266615875,0.2068636606551057,0.44496899379355587,11.0,121.2,82.0
169702,22422,CT,2026-05-09,4,0,5.0,2.4,0.6564316395665486,0.7165714898339607,0.5999370046160839,0.6698512877620435,4.5,122.3,83.0
169703,22422,CT,2026-05-09,4,0,6.0,19.9,0.201930811522601,0.2628979168741705,0.23617082867895575,0.19319323190626633,21.0,113.3,78.0
169704,22423,CT,2026-05-09,5,1,1.0,3.0,0.6172722109852783,0.3738283909274283,0.5928880866175852,0.38300027349324345,4.5,,
169705,22423,CT,2026-05-09,5,1,2.0,0.7,0.8421007106182268,0.5639936515536417,0.8399622037130245,0.680310779043641,4.0,108.4,70.0
169706,22423,CT,2026-05-09,5,1,3.0,8.2,0.3928258610488311,0.4486538774881927,0.6168463489352042,0.7307486281720303,7.0,98.2,66.0
169707,22423,CT,2026-05-09,5,0,4.0,35.2,0.1600604746781931,0.4262250021804193,0.1460116864519942,0.4166366376927006,9.0,94.9,53.0
169708,22423,CT,2026-05-09,5,0,5.0,21.2,0.2123603233687953,0.263149788359282,0.13832071578446828,0.21036584646658615,5.5,96.1,
169709,22423,CT,2026-05-09,5,0,6.0,24.4,0.1995364205942975,0.3611093422891562,0.24271843337478574,0.4096929697368775,13.0,96.2,62.0
169710,22423,CT,2026-05-09,5,0,7.0,24.1,0.1928001247375114,0.2194710251271512,0.1888831623804211,0.22434633079723756,13.0,96.1,60.0
169711,22423,CT,2026-05-09,5,0,8.0,6.5,0.4446684691701345,0.4353511894887548,0.3650871789952181,0.382216461105347,5.0,,
169712,22424,CT,2026-05-09,6,1,1.0,5.4,0.4240831393520796,0.5427474234223143,0.4071936192183639,0.5893984948915009,4.0,106.7,45.0
169713,22424,CT,2026-05-09,6,1,2.0,2.1,0.6235300833728941,0.539680562300774,0.5249939943339007,0.477313980982493,5.5,100.0,69.0
169714,22424,CT,2026-05-09,6,1,3.0,4.0,0.4895382384293955,0.55389037479617,0.39933761905931675,0.5585213514723875,7.0,100.6,76.0
169715,22424,CT,2026-05-09,6,0,4.0,28.7,0.1545251245717462,0.4052168606287039,0.07669931943684798,0.13978734975655072,13.0,96.3,71.0
169716,22424,CT,2026-05-09,6,0,5.0,5.0,0.4428546752512661,0.5750870717767,0.3135552337667696,0.39485247534031637,5.0,99.4,65.0
169717,22424,CT,2026-05-09,6,0,6.0,3.6,0.50288787360121,0.427252295503672,0.5793667573215407,0.43009038921998044,21.0,100.6,67.0
169718,22424,CT,2026-05-09,6,0,7.0,7.0,0.3663210083294317,0.475567285959308,0.4475500542628975,0.5691892751299518,7.0,100.2,62.0
169719,22425,CT,2026-05-09,7,1,1.0,1.1,0.8264658407403516,0.6536714595837145,0.7911995957740726,0.7421810851966055,3.0,123.2,76.0
169720,22425,CT,2026-05-09,7,1,2.0,1.5,0.7869219162056265,0.6247684202658335,0.6098493913387556,0.34327416592388676,2.0,122.0,80.0
169721,22425,CT,2026-05-09,7,1,3.0,12.8,0.322667160214203,0.5856317341023639,0.16455465526812452,0.3863076033544033,7.0,122.3,83.0
169722,22425,CT,2026-05-09,7,0,4.0,5.1,0.5335395031481609,0.4943846375735274,0.4073754885706911,0.456823030675669,6.0,122.3,84.0
169723,22425,CT,2026-05-09,7,0,5.0,9.6,0.3472376758072485,0.1621277404111639,0.41452910816629923,0.22897889187977477,9.0,122.5,92.0
169724,22425,CT,2026-05-09,7,0,6.0,74.2,0.0972545824312193,0.3354336199744395,0.04282764524443666,0.0498590199175478,21.0,104.2,73.0
169725,22426,CT,2026-05-09,8,1,1.0,3.5,0.5454359830192023,0.4325611651085208,0.5490706792514014,0.5532933175295807,7.0,101.4,70.0
169726,22426,CT,2026-05-09,8,1,2.0,2.1,0.6562808369733646,0.4611428372258546,0.621899644954921,0.5986421879372897,6.0,103.7,63.0
169727,22426,CT,2026-05-09,8,1,3.0,1.6,0.7030883086582854,0.425118678088177,0.6355437688144631,0.4815077180020671,2.6,85.3,
169728,22426,CT,2026-05-09,8,0,4.0,5.2,0.4556452458248651,0.4698379759448003,0.3222061292106374,0.4096881563098085,3.5,,
169729,22426,CT,2026-05-09,8,0,5.0,34.9,0.1298575587393253,0.1146414388502736,0.24176387843671904,0.11470252762046446,31.0,85.3,61.0
169730,22426,CT,2026-05-09,8,0,6.0,18.0,0.2201711282439284,0.3861557459912744,0.28469695530746897,0.45866923447093677,9.0,,
169731,22426,CT,2026-05-09,8,0,7.0,16.8,0.2227728213298909,0.269449567322979,0.17791386631564937,0.1764958912806763,16.0,,
114968,14666,GP,2026-05-15,1,1,1.0,44.0,0.1329209136619757,0.2280181560146033,0.11637140891780687,0.15393902393346137,16.0,84.0,76.0
114969,14666,GP,2026-05-15,1,1,2.0,1.2,0.80409841463226,0.6880037067831191,0.8666516263133434,0.8511918274418022,2.8,107.2,72.0
114970,14666,GP,2026-05-15,1,1,3.0,1.3,0.7826475406117389,0.4661403410548725,0.8900706267529943,0.7235660476244575,3.5,108.4,76.0
114971,14666,GP,2026-05-15,1,0,4.0,16.2,0.2601471122222643,0.295477082038993,0.189272684731862,0.17567191969493798,16.0,94.7,56.0
114972,14666,GP,2026-05-15,1,0,5.0,29.0,0.1850924673502763,0.4147443440064029,0.28789763484640185,0.6245568416173127,11.0,95.7,83.0
114973,14666,GP,2026-05-15,1,0,6.0,27.2,0.1885180375331335,0.3265753372088851,0.20461455623911495,0.4003167090231397,5.5,71.5,82.0
114974,14666,GP,2026-05-15,1,0,7.0,7.1,0.4305699671967543,0.3321456834723684,0.5580208123800054,0.44860039060498613,7.0,91.2,81.0
114975,14666,GP,2026-05-15,1,0,8.0,14.6,0.2753202824644422,0.2654507440530258,0.2503795883736194,0.14418103792740727,21.0,94.4,84.0
114976,14667,GP,2026-05-15,2,1,1.0,1.5,0.8379570322270443,0.5094742992960071,0.7584153396835343,0.44967964875981836,4.0,,
114977,14667,GP,2026-05-15,2,1,2.0,5.2,0.6000791409106223,0.5243581594625348,0.481040746153773,0.3371272115253224,11.0,,
114978,14667,GP,2026-05-15,2,1,3.0,0.8,0.895652735758643,0.5451815693236424,0.8993931945659744,0.6199951296438794,3.0,,
114979,14667,GP,2026-05-15,2,0,4.0,7.7,0.4749122027458696,0.4732427681227798,0.6192827148450724,0.49021420867097726,16.0,,
114980,14668,GP,2026-05-15,3,1,1.0,12.4,0.260558219085363,0.3803949299757161,0.2901321514320886,0.3751292037737675,11.0,113.3,75.0
114981,14668,GP,2026-05-15,3,1,2.0,4.2,0.4691975053961001,0.3977583758391843,0.6715916861172396,0.6191342936087825,5.0,116.6,82.0
114982,14668,GP,2026-05-15,3,1,3.0,2.5,0.5992714598900414,0.6465086059243348,0.590323295810166,0.7483599219957036,3.0,118.7,79.0
114983,14668,GP,2026-05-15,3,0,4.0,3.9,0.4840070759934984,0.3801821851566213,0.5583782925903376,0.5403706909388059,,115.7,74.0
114984,14668,GP,2026-05-15,3,0,5.0,19.0,0.1994611552583794,0.3574051758378366,0.35048826951222994,0.36349904783144693,21.0,107.5,76.0
114985,14668,GP,2026-05-15,3,0,6.0,8.7,0.3128898014219752,0.2820198440701199,0.2060773174625355,0.17684310849744062,9.0,109.8,81.0
114986,14668,GP,2026-05-15,3,0,7.0,42.0,0.1119751337996823,0.1792614450234023,0.076432899362212,0.057850845446978334,21.0,108.4,59.0
114987,14668,GP,2026-05-15,3,0,8.0,2.5,0.5780507342415698,0.3636911317434477,0.6092220067747616,0.5617540802054745,3.5,118.3,84.0
114988,14669,GP,2026-05-15,4,1,1.0,1.9,0.7601773642323658,0.695476845225242,0.7379630226191265,0.7484783555684266,3.5,111.0,74.0
114989,14669,GP,2026-05-15,4,1,2.0,0.9,0.8488194894572944,0.6391608637848977,0.9102940162387195,0.8269758196189587,2.4,114.9,77.0
114990,14669,GP,2026-05-15,4,1,3.0,4.1,0.5930335618888322,0.4991885104733783,0.6143325516178623,0.6164203193017821,4.5,112.0,73.0
114991,14669,GP,2026-05-15,4,0,4.0,34.1,0.1660803628058956,0.3812012579295791,0.07795972164991095,0.18353506330324143,13.0,101.1,62.0
114992,14669,GP,2026-05-15,4,0,5.0,10.1,0.3718334702111628,0.6053774274034813,0.4691254591394549,0.7450371550834631,5.5,110.5,86.0
114993,14669,GP,2026-05-15,4,0,6.0,22.6,0.2343705747282975,0.7015309715409842,0.2753284106489762,0.5143180832667054,21.0,97.4,58.0
114994,14670,GP,2026-05-15,5,1,1.0,8.4,0.3352072661113911,0.3744613989955633,0.21812810311249625,0.22766066038711955,7.0,111.2,82.0
114995,14670,GP,2026-05-15,5,1,2.0,1.9,0.6549001497827128,0.4885605476683573,0.7004640405745991,0.6683910477043812,3.5,121.7,84.0
114996,14670,GP,2026-05-15,5,1,3.0,3.6,0.5223009875345028,0.4653746444086967,0.6631311119094769,0.688809208310861,5.5,124.1,91.0
114997,14670,GP,2026-05-15,5,0,4.0,13.0,0.2588178082990102,0.3572972066075844,0.31227160363065787,0.34200233414293113,7.0,119.4,78.0
114998,14670,GP,2026-05-15,5,0,5.0,25.4,0.1625164843852105,0.2075503105817883,0.14489546164933514,0.11569142392988654,21.0,107.9,85.0
114999,14670,GP,2026-05-15,5,0,6.0,18.6,0.2039229036631167,0.2904994586658754,0.2617635563919993,0.26230282644008024,9.0,114.0,79.0
115000,14670,GP,2026-05-15,5,0,7.0,2.2,0.6198155598269776,0.3867986029921022,0.736612720378387,0.5968429323354045,4.5,120.9,89.0
115001,14670,GP,2026-05-15,5,0,8.0,25.5,0.1733244013012889,0.4322767719651035,0.15855457148948895,0.2963530092195123,16.0,118.3,76.0
115002,14670,GP,2026-05-15,5,0,9.0,25.7,0.1615427524609758,0.2118211333727522,0.18375168651180385,0.19737758567726338,13.0,112.2,85.0
115003,14671,GP,2026-05-15,6,1,1.0,0.4,0.9223805778562436,0.7421802003761709,0.9486677800891222,0.8834447658319754,2.2,126.7,89.0
115004,14671,GP,2026-05-15,6,1,2.0,11.1,0.3913410109757871,0.4803397392560822,0.3487311630581923,0.46148760664969707,5.5,112.3,80.0
115005,14671,GP,2026-05-15,6,1,3.0,14.5,0.3205755123995007,0.2916935699473627,0.41280588286412667,0.28828603918001633,11.0,111.9,71.0
115006,14671,GP,2026-05-15,6,0,4.0,7.2,0.4889782492913579,0.3518516538968791,0.49526700020778286,0.46645712478144213,4.5,118.7,82.0
115007,14671,GP,2026-05-15,6,0,5.0,3.7,0.6606865667079498,0.4884258162031923,0.741236521510397,0.6763012631408012,3.5,119.2,84.0
115008,14671,GP,2026-05-15,6,0,6.0,42.9,0.1618045453707218,0.3311658876372453,0.21447341815050797,0.22030125828669067,21.0,97.2,65.0
115009,14672,GP,2026-05-15,7,1,1.0,2.0,0.6238477955328231,0.4312659135832697,0.7348308508774114,0.7251747675367486,4.0,123.6,87.0
115010,14672,GP,2026-05-15,7,1,2.0,12.4,0.2569098516134515,0.3298230007859812,0.3134053985707614,0.3344155905842209,13.0,118.2,81.0
115011,14672,GP,2026-05-15,7,1,3.0,2.4,0.5862784057980237,0.404741356374782,0.6046868201555898,0.47762172504302736,4.5,118.1,89.0
115012,14672,GP,2026-05-15,7,0,4.0,11.7,0.2560052741847057,0.1986732140734334,0.23359599355653932,0.13939612998684084,11.0,120.1,82.0
115013,14672,GP,2026-05-15,7,0,5.0,6.5,0.370030509223951,0.3166805082318328,0.20209247551621984,0.16001265768088407,5.5,112.3,79.0
115014,14672,GP,2026-05-15,7,0,6.0,9.3,0.3000488229473497,0.2754792881850563,0.13220715241796227,0.096386888869734,7.0,111.8,83.0
115015,14672,GP,2026-05-15,7,0,7.0,8.6,0.3216338683601305,0.3801671441288143,0.4826588655027555,0.3993647601243337,9.0,117.9,79.0
115016,14672,GP,2026-05-15,7,0,8.0,8.5,0.3278111415993502,0.4393119839355768,0.26428275920153244,0.39019449218342966,11.0,121.1,82.0
115017,14673,GP,2026-05-15,8,1,1.0,1.3,0.7234780303115547,0.4174429901830877,0.8227471249263655,0.7484787253249554,2.8,116.7,87.0
115018,14673,GP,2026-05-15,8,1,2.0,2.4,0.5922041729871819,0.1654646939222324,0.6654489665809485,0.3350557528913527,,113.7,82.0
115019,14673,GP,2026-05-15,8,1,3.0,6.7,0.3976996729659289,0.4860303504248802,0.2766209910295201,0.3629526494357359,3.5,110.8,80.0
115020,14673,GP,2026-05-15,8,0,4.0,13.5,0.2526684886156665,0.2573400331168174,0.30785044499843334,0.37778005974432477,,108.9,81.0
115021,14673,GP,2026-05-15,8,0,5.0,7.5,0.3669805980425419,0.384279717287588,0.4294268377058996,0.5973584591910422,5.0,112.3,83.0
115022,14673,GP,2026-05-15,8,0,6.0,11.3,0.2851343813920204,0.3077774140090082,0.3616941245127852,0.28143776644090374,16.0,105.0,91.0
115023,14673,GP,2026-05-15,8,0,7.0,13.5,0.2613496964146026,0.3878053359526602,0.21816610091342756,0.35271527704821704,9.0,110.8,78.0
115024,14673,GP,2026-05-15,8,0,8.0,33.3,0.1474274801303978,0.3797559152095676,0.1585501966844624,0.3815137886291985,16.0,112.9,79.0
115025,14674,GP,2026-05-15,9,1,1.0,1.8,0.6334685741042302,0.4217220676510758,0.7169793338062025,0.6204210715967629,5.0,128.6,99.0
115026,14674,GP,2026-05-15,9,1,2.0,4.3,0.4422179471559629,0.2466682708315816,0.6944198126117245,0.4635697061823455,9.0,117.1,90.0
115027,14674,GP,2026-05-15,9,1,3.0,5.2,0.4141311113837826,0.3781231090250679,0.4785748248445023,0.4939437448782309,5.5,121.8,83.0
115028,14674,GP,2026-05-15,9,0,4.0,10.5,0.2712043702447216,0.2197017110396527,0.19114012663566618,0.14035714448037281,7.0,110.7,87.0
115029,14674,GP,2026-05-15,9,0,5.0,9.2,0.3085582036172332,0.4294054606958225,0.37104012970456574,0.38442109016027903,16.0,121.9,89.0
115030,14674,GP,2026-05-15,9,0,6.0,67.6,0.0764467655137509,0.1060391400697391,0.08228156415686223,0.07303625533629718,21.0,113.2,86.0
115031,14674,GP,2026-05-15,9,0,7.0,22.8,0.1637170908499872,0.1595198415322663,0.1730604609891449,0.11506935901429273,16.0,115.1,89.0
115032,14674,GP,2026-05-15,9,0,8.0,9.1,0.3049075899614388,0.3473461136333377,0.61104828631297,0.7022538505484288,,123.6,87.0
115033,14674,GP,2026-05-15,9,0,9.0,9.5,0.2715933670592435,0.089416540609559,0.2348496300255539,0.05991635122223992,16.0,116.8,89.0
115034,14674,GP,2026-05-15,9,0,10.0,13.8,0.2391892749476288,0.3553111999466996,0.29643838137457496,0.5103509163750803,,120.8,91.0
169732,22427,CT,2026-05-15,1,1,1.0,1.2,0.8675808169442533,0.8235307466873216,0.8381681886734663,0.8176295945994527,2.8,122.6,82.0
169733,22427,CT,2026-05-15,1,1,2.0,1.1,0.8692360179911125,0.6976861309172814,0.9592540648394302,0.9345317603101612,3.0,121.8,83.0
169734,22427,CT,2026-05-15,1,1,3.0,20.8,0.2583388468604867,0.6139015899307609,0.28355878330059503,0.5754466798396937,11.0,110.3,75.0
169735,22427,CT,2026-05-15,1,0,4.0,18.6,0.263637945075943,0.3935138750818645,0.431742282089347,0.5094204202635171,16.0,113.3,80.0
169736,22427,CT,2026-05-15,1,0,5.0,4.0,0.676512695923696,0.6775519451171439,0.4985351917540455,0.5400702855547619,7.0,117.2,90.0
169737,22428,CT,2026-05-15,2,1,1.0,3.5,0.5758838932886339,0.6786169324544287,0.4031598274942257,0.5446397887546298,2.8,114.7,75.0
169738,22428,CT,2026-05-15,2,1,2.0,1.3,0.7602245134878161,0.6977296818005748,0.690072478497141,0.6366201306598128,2.6,115.9,72.0
169739,22428,CT,2026-05-15,2,1,3.0,9.9,0.316588035875688,0.2965931912817744,0.23514581419513278,0.14792011631518787,21.0,104.8,67.0
169740,22428,CT,2026-05-15,2,0,4.0,27.9,0.1724714171769654,0.4292160444055503,0.20399792349885384,0.4238311325678703,16.0,106.2,73.0
169741,22428,CT,2026-05-15,2,0,5.0,2.4,0.6427329557808361,0.5003361293206695,0.6722445366841818,0.67957894495937,4.0,112.0,78.0
169742,22428,CT,2026-05-15,2,0,6.0,15.7,0.2399298487861044,0.2997524399525671,0.25170088116429545,0.3264483193622122,11.0,101.6,68.0
169743,22428,CT,2026-05-15,2,0,7.0,11.7,0.2949517913206176,0.4166846954641598,0.4710849472471915,0.5366776701592024,13.0,108.5,76.0
169744,22429,CT,2026-05-15,3,1,1.0,17.7,0.2311904713739574,0.3823583639207251,0.17741843558237963,0.17239174537711277,16.0,93.7,70.0
169745,22429,CT,2026-05-15,3,1,2.0,4.8,0.4869841873244046,0.4200781361901463,0.6430893778661474,0.4194836762945055,16.0,97.0,55.0
169746,22429,CT,2026-05-15,3,1,3.0,0.9,0.8035691295091637,0.5924386433825537,0.8397615931729399,0.759840660844497,2.0,105.5,74.0
169747,22429,CT,2026-05-15,3,0,4.0,4.0,0.5390413270344582,0.5443822417419673,0.39797209216553947,0.44821037030461736,9.0,96.7,71.0
169748,22429,CT,2026-05-15,3,0,5.0,4.2,0.5250609502290602,0.5093433556082693,0.5046202009880918,0.4220484683004918,7.0,96.7,59.0
169749,22429,CT,2026-05-15,3,0,6.0,12.5,0.2814202841933958,0.3168407746350791,0.15132723090377653,0.1335787647767303,4.5,93.9,45.0
169750,22429,CT,2026-05-15,3,0,7.0,54.0,0.1118971574838944,0.3831309099298671,0.039543757601269616,0.11517364336328062,16.0,88.6,50.0
169751,22430,CT,2026-05-15,4,1,1.0,11.5,0.3306731642486748,0.4955869524156548,0.14485736117610967,0.2089296828879395,7.0,110.5,81.0
169752,22430,CT,2026-05-15,4,1,2.0,28.1,0.1879623621871838,0.4419439622238756,0.048773064622933834,0.07999450647555781,16.0,104.6,75.0
169753,22430,CT,2026-05-15,4,1,3.0,3.1,0.6628604516258667,0.7707572069512133,0.6112403755255602,0.7427360807375926,3.5,117.6,82.0
169754,22430,CT,2026-05-15,4,0,4.0,0.8,0.8451373093135163,0.5277135527878223,0.870142061194781,0.6129743533285645,4.5,115.4,85.0
169755,22430,CT,2026-05-15,4,0,5.0,3.0,0.6590355105902137,0.6415015452296412,0.7749770822916332,0.8134219014771885,5.5,117.7,84.0
169756,22430,CT,2026-05-15,4,0,6.0,23.3,0.2053107024894819,0.3179131303374194,0.3595184136746022,0.4385012699768835,16.0,108.3,80.0
169757,22430,CT,2026-05-15,4,0,7.0,45.9,0.1302379782295956,0.2844285969053991,0.1451104304214824,0.3015555217225427,16.0,102.6,75.0
169758,22431,CT,2026-05-15,5,1,1.0,12.1,0.3598315521576869,0.2760376847479247,0.5037732672271396,0.3363416155909274,13.0,102.8,68.0
169759,22431,CT,2026-05-15,5,1,2.0,1.1,0.8429060869056276,0.4216183260660604,0.8609029489325833,0.5818973924455617,,113.0,76.0
169760,22431,CT,2026-05-15,5,1,3.0,21.7,0.254357329676784,0.3746408309135327,0.3109641786941093,0.27166271465943165,16.0,102.6,65.0
169761,22431,CT,2026-05-15,5,0,4.0,1.0,0.8548354048711978,0.4948327789565814,0.8449829575956511,0.7063160196525856,2.8,113.9,78.0
169762,22431,CT,2026-05-15,5,0,5.0,18.2,0.2795064416668328,0.3007011205052616,0.18317274171068565,0.13629317931486687,16.0,98.8,73.0
169763,22431,CT,2026-05-15,5,0,6.0,22.1,0.2409857151522901,0.2215498227431489,0.28129307736836895,0.16107656189771674,21.0,98.6,80.0
169764,22431,CT,2026-05-15,5,0,7.0,32.0,0.1881956871218833,0.2099720654368995,0.24550541321573505,0.18386366355360803,21.0,102.9,75.0
169765,22432,CT,2026-05-15,6,1,1.0,1.2,0.813786230403798,0.8875570158303888,0.9017764736817321,0.9551462952069045,3.5,125.7,87.0
169766,22432,CT,2026-05-15,6,0,,1.7,0.7588385292152214,0.8074095952479863,0.7890861054445075,0.856661944870303,4.0,123.9,82.0
169767,22432,CT,2026-05-15,6,1,3.0,41.5,0.1377626417770567,0.3701942472393812,0.10616371319441949,0.23369721329174006,13.0,104.2,77.0
169768,22432,CT,2026-05-15,6,0,4.0,29.6,0.1708939397117299,0.3443626465107677,0.1331140938950317,0.1993086208715353,16.0,111.9,78.0
169769,22432,CT,2026-05-15,6,0,5.0,4.7,0.536472176223671,0.6728470269316399,0.40817520372007443,0.4894196578751497,4.5,122.7,83.0
169770,22432,CT,2026-05-15,6,0,6.0,5.5,0.4905951703146309,0.6026873365586233,0.41225481406568765,0.5875496647853852,6.0,117.2,78.0
169771,22432,CT,2026-05-15,6,0,7.0,56.5,0.1119715808648689,0.3698215241307704,0.2037952641631782,0.49253811815237625,16.0,112.2,81.0
169772,22433,CT,2026-05-15,7,1,1.0,1.5,0.6964013956498846,0.5604275926077115,0.7405668714116002,0.6947129532422093,3.5,128.8,98.0
169773,22433,CT,2026-05-15,7,1,2.0,11.2,0.2799615558707203,0.3509007002227895,0.23607764749825672,0.1862441842238996,16.0,112.1,82.0
169774,22433,CT,2026-05-15,7,1,3.0,5.1,0.4312903429930511,0.3483296915987701,0.32749430478581165,0.1827078834739443,13.0,116.0,85.0
169775,22433,CT,2026-05-15,7,0,4.0,5.4,0.4199541036472548,0.3599184050421491,0.4747100712460147,0.4093208810666087,6.0,120.2,85.0
169776,22433,CT,2026-05-15,7,0,5.0,4.6,0.4526829861559817,0.3356221307938631,0.6305388221447632,0.5108291870095029,7.0,122.1,85.0
169777,22433,CT,2026-05-15,7,0,6.0,62.8,0.0808163813521026,0.0722877423151713,0.06074920148151539,0.016624718869819508,31.0,106.7,71.0
169778,22433,CT,2026-05-15,7,0,7.0,3.8,0.4995931902964733,0.3948404908284241,0.32888890597759807,0.23771054750025358,7.0,118.7,85.0
169779,22433,CT,2026-05-15,7,0,8.0,42.2,0.1185832224212863,0.2900721574739504,0.03966765445170059,0.042302271167567865,21.0,107.4,75.0
169780,22434,CT,2026-05-15,8,1,1.0,1.3,0.7700821981378407,0.7198749310042165,0.6107866856164277,0.6594423028229962,3.0,117.4,68.0
169781,22434,CT,2026-05-15,8,1,2.0,18.1,0.2228815912106002,0.3225783267468478,0.266887497100655,0.2540846538104789,11.0,102.6,63.0
169782,22434,CT,2026-05-15,8,1,3.0,2.9,0.6117507331856457,0.4552464573293405,0.5211105559071241,0.4275416332457646,3.5,106.6,68.0
169783,22434,CT,2026-05-15,8,0,4.0,22.2,0.1951573730286755,0.3099047688350442,0.17201362866204029,0.20911693634132028,16.0,107.3,69.0
169784,22434,CT,2026-05-15,8,0,5.0,16.4,0.2345253317767775,0.2834820424960479,0.1981734231276524,0.16527747575518242,16.0,103.2,77.0
169785,22434,CT,2026-05-15,8,0,6.0,2.1,0.6671811799173111,0.3263373534046589,0.6673008959170849,0.42987763476402474,5.0,109.9,74.0
169786,22434,CT,2026-05-15,8,0,7.0,51.9,0.1047865195603249,0.1510312247126312,0.06336291516989895,0.05416593947961241,16.0,93.5,64.0
169787,22434,CT,2026-05-15,8,0,8.0,54.9,0.1031396243513139,0.1987589951027324,0.05606031752583604,0.07625189174727141,13.0,100.9,66.0
169788,22434,CT,2026-05-15,8,0,9.0,33.5,0.1430454442287004,0.1861372575702534,0.15778602604440164,0.15970406406195525,16.0,103.3,76.0
169789,22435,CT,2026-05-15,9,1,1.0,10.1,0.2860885675290355,0.2893305857686573,0.24015001318931933,0.2348423219237129,11.0,97.4,67.0
169790,22435,CT,2026-05-15,9,1,2.0,5.2,0.4158259157062482,0.3353050965559644,0.5101913053957235,0.4684605383468864,7.0,100.0,75.0
169791,22435,CT,2026-05-15,9,1,3.0,2.5,0.5818427220633198,0.4712903221539248,0.4977708960012954,0.44012048735566794,5.0,98.7,71.0
169792,22435,CT,2026-05-15,9,0,4.0,9.5,0.2920340117075292,0.2348416918371977,0.26804907812865364,0.10731809406641914,21.0,95.6,58.0
169793,22435,CT,2026-05-15,9,0,5.0,2.1,0.6202794151574241,0.5268726361755736,0.5594085609737774,0.5486953289798963,2.8,105.2,72.0
169794,22435,CT,2026-05-15,9,0,6.0,24.5,0.1569483520143304,0.1484529845614863,0.26899717130047074,0.1525723001902621,21.0,92.8,69.0
169795,22435,CT,2026-05-15,9,0,7.0,5.7,0.3891632974541197,0.2482249415049433,0.4170612393190088,0.37412022516398086,4.5,97.8,71.0
169796,22435,CT,2026-05-15,9,0,8.0,26.4,0.1479685858198153,0.1296204868011609,0.21283664792646753,0.09983526157000082,21.0,91.4,75.0
169797,22435,CT,2026-05-15,9,0,9.0,23.0,0.1633882186340218,0.1467383237449275,0.20261268948397532,0.12724732609410427,11.0,92.4,66.0
115123,14686,GP,2026-05-17,1,1,1.0,7.7,0.3272276051755658,0.3525231499454978,0.29574687259686244,0.2754865683664978,9.0,102.5,62.0
115124,14686,GP,2026-05-17,1,1,2.0,3.4,0.491469612608746,0.3639660282417731,0.6231920133617227,0.5029952587738277,7.0,101.2,67.0
115125,14686,GP,2026-05-17,1,1,3.0,6.1,0.3736328544347129,0.3885540642143369,0.4230405316861534,0.5178152641627851,9.0,103.9,74.0
115126,14686,GP,2026-05-17,1,0,4.0,3.2,0.5103777681732847,0.4434766555996529,0.41959997807584876,0.43762419528045665,5.0,103.7,72.0
115127,14686,GP,2026-05-17,1,0,5.0,9.9,0.2756382829167946,0.2398332991371999,0.16492593411025847,0.10677543586796326,11.0,94.9,47.0
115128,14686,GP,2026-05-17,1,0,6.0,5.1,0.4000690554100776,0.2769548757222096,0.34919233530049093,0.14757011409305829,13.0,92.7,65.0
115129,14686,GP,2026-05-17,1,0,7.0,5.5,0.3873593588301601,0.3043119382955445,0.5127865688825846,0.3479606491819474,11.0,98.5,62.0
115130,14686,GP,2026-05-17,1,0,8.0,14.1,0.2303720108964006,0.3547965702342255,0.21212901521331676,0.2748969830349,9.0,95.2,50.0
115131,14686,GP,2026-05-17,1,0,9.0,56.2,0.0898551050755509,0.220523670724982,0.0635485452518772,0.034873110915544736,31.0,89.0,54.0
115132,14687,GP,2026-05-17,2,1,1.0,1.7,0.755593969404864,0.6408054742880529,0.8573811482425472,0.8077538633022979,6.0,116.5,84.0
115133,14687,GP,2026-05-17,2,1,2.0,10.8,0.3242657963628056,0.3562497934443673,0.31311177009962043,0.3511935422285634,3.5,111.3,78.0
115134,14687,GP,2026-05-17,2,1,3.0,3.3,0.604413153620013,0.2911648943655019,0.7232332189005285,0.46562426089527853,7.0,111.1,86.0
115135,14687,GP,2026-05-17,2,0,4.0,17.7,0.2470649307286739,0.4820494413179836,0.30641038347560107,0.4423673659949698,16.0,110.0,79.0
115136,14687,GP,2026-05-17,2,0,5.0,1.3,0.8003236761011726,0.7558221635665362,0.8004949648683749,0.8023714466590719,3.0,120.2,80.0
115137,14687,GP,2026-05-17,2,0,6.0,25.1,0.1928967690515902,0.3709157693053031,0.12578038109681233,0.15014226233620084,21.0,100.2,70.0
115138,14688,GP,2026-05-17,3,1,1.0,1.9,0.668005766386631,0.5257835992871777,0.625242071234437,0.5185939098112905,2.8,111.7,73.0
115139,14688,GP,2026-05-17,3,1,2.0,4.9,0.4588301369610916,0.4678631813200024,0.535278811218438,0.5757380837098002,5.0,107.1,76.0
115140,14688,GP,2026-05-17,3,1,3.0,2.6,0.6172160411791824,0.6820311332012254,0.6806496173859069,0.7640283842917451,5.5,111.0,76.0
115141,14688,GP,2026-05-17,3,0,4.0,31.3,0.1410147431343071,0.1712404593543946,0.08466075271945236,0.041688352262355496,21.0,93.0,51.0
115142,14688,GP,2026-05-17,3,0,5.0,3.6,0.5424317436651561,0.6408940016242732,0.3790597057340628,0.5062961906668574,6.0,111.1,74.0
115143,14688,GP,2026-05-17,3,0,6.0,4.7,0.4668793499000004,0.4499258490822562,0.4528463194823614,0.5042367194944252,3.0,105.6,78.0
115144,14689,GP,2026-05-17,4,1,1.0,1.0,0.7903275035261187,0.6327616333900246,0.8592333923835402,0.8187926640804964,3.5,122.1,83.0
115145,14689,GP,2026-05-17,4,1,2.0,23.0,0.193627611877239,0.3210582537613409,0.12691935576721866,0.22070586777098983,11.0,100.6,69.0
115146,14689,GP,2026-05-17,4,1,3.0,2.2,0.657862024762057,0.4414452812719003,0.5786311874701895,0.4260401081543791,4.5,116.4,81.0
115147,14689,GP,2026-05-17,4,0,4.0,8.4,0.3687984015116309,0.4754898231944862,0.39754587000836716,0.4982030507464071,11.0,,
115148,14689,GP,2026-05-17,4,0,5.0,9.5,0.3364365247966019,0.3673822405182167,0.23526027326190715,0.27616300726325965,6.0,100.4,68.0
115149,14689,GP,2026-05-17,4,0,6.0,19.9,0.2129438986116003,0.3321355426190715,0.23663021920678984,0.4723401338220828,5.5,102.0,78.0
115150,14689,GP,2026-05-17,4,0,7.0,25.2,0.1705032206412911,0.1355637904665239,0.1620382093248394,0.0671215643267099,21.0,94.4,70.0
115151,14689,GP,2026-05-17,4,0,8.0,9.6,0.3327614019659787,0.3449224008557767,0.36424710487127065,0.39830881685571384,5.0,100.9,74.0
115152,14690,GP,2026-05-17,5,1,1.0,7.4,0.4729250836344864,0.352577996236886,0.35627557694905837,0.24202228088165684,9.0,108.1,72.0
115153,14690,GP,2026-05-17,5,1,2.0,0.4,0.9187324304946366,0.6425258484085183,0.8769168625062927,0.5471875590248924,,110.1,78.0
115154,14690,GP,2026-05-17,5,1,3.0,3.5,0.672454507313544,0.5380774760710545,0.7902945694241548,0.7733581380973298,9.0,108.3,83.0
115155,14690,GP,2026-05-17,5,0,4.0,6.6,0.5006463179273609,0.3191563174635707,0.4915758745759273,0.42908769261490587,7.0,94.1,65.0
115156,14690,GP,2026-05-17,5,0,5.0,40.0,0.1611627967218872,0.2398654902965332,0.28611574932715855,0.317275781855051,21.0,95.7,71.0
115157,14690,GP,2026-05-17,5,0,6.0,31.8,0.189426257794523,0.2712993654935705,0.19546956896816706,0.18365764545196406,21.0,97.7,77.0
115158,14691,GP,2026-05-17,6,1,1.0,4.7,0.40699058319031,0.1443334253644861,0.4596593546087606,0.09720010376157731,16.0,97.4,75.0
115159,14691,GP,2026-05-17,6,1,2.0,7.9,0.3269444159110236,0.3567805910173088,0.36094406078604796,0.4152532522571986,11.0,118.3,89.0
115160,14691,GP,2026-05-17,6,1,3.0,3.3,0.4931228022604341,0.2441093995183851,0.3871035889245954,0.11586001797252445,16.0,106.7,75.0
115161,14691,GP,2026-05-17,6,0,4.0,10.8,0.2699333865673609,0.3035819979465562,0.21148017383648168,0.12237043432853749,16.0,100.3,76.0
115162,14691,GP,2026-05-17,6,0,5.0,2.5,0.5703964029364818,0.480751396462974,0.3515126598114661,0.19146618777964416,11.0,106.3,72.0
115163,14691,GP,2026-05-17,6,0,6.0,19.9,0.185048552087714,0.2908953497226196,0.11655535342842124,0.09862448833531015,16.0,102.7,80.0
115164,14691,GP,2026-05-17,6,0,7.0,5.0,0.4255483364163799,0.4825892329384066,0.40699723795683257,0.4552582827132062,7.0,114.1,73.0
115165,14691,GP,2026-05-17,6,0,8.0,12.1,0.2522573851334522,0.3023465198181446,0.18501782099092184,0.14932863636152915,16.0,105.1,73.0
115166,14691,GP,2026-05-17,6,0,9.0,27.4,0.1391641998606755,0.1066335651609508,0.07665278805274395,0.013330618254631627,31.0,88.9,70.0
115167,14692,GP,2026-05-17,7,1,1.0,9.9,0.3415272912005888,0.4161870394835506,0.6548949250805228,0.7270265659983168,11.0,113.8,86.0
115168,14692,GP,2026-05-17,7,1,2.0,3.5,0.5891852575691341,0.6169229321548432,0.5379623618159426,0.5987289219060692,5.5,116.7,66.0
115169,14692,GP,2026-05-17,7,1,3.0,8.3,0.3947165195403042,0.6524850660558789,0.4778368439608242,0.775336702469991,5.0,111.9,81.0
115170,14692,GP,2026-05-17,7,0,4.0,0.8,0.8120654691642363,0.3123479722740022,0.8357268811916501,0.45895191549399145,2.6,120.9,86.0
115171,14692,GP,2026-05-17,7,0,5.0,6.9,0.4125010287904344,0.3506753297098194,0.5044444727209048,0.4876715997557971,7.0,113.3,85.0
115172,14692,GP,2026-05-17,7,0,6.0,7.7,0.4058579583686322,0.586282846208266,0.49951781815052143,0.668341969876421,4.5,111.7,77.0
115173,14693,GP,2026-05-17,8,1,1.0,4.0,0.6104381934043769,0.5100183694498585,0.5128512873235457,0.46076186346033415,4.0,133.3,86.0
115174,14693,GP,2026-05-17,8,1,2.0,0.8,0.8692532039682317,0.6922540750051417,0.9174094626480438,0.878269449757329,2.8,136.6,92.0
115175,14693,GP,2026-05-17,8,1,3.0,2.2,0.7554922454281489,0.8093755908538101,0.5539155160712136,0.5937500842458748,9.0,132.0,89.0
115176,14693,GP,2026-05-17,8,0,4.0,8.9,0.4086108140951472,0.6260484273377702,0.2518068090462763,0.4748800381373326,3.5,130.3,80.0
115177,14693,GP,2026-05-17,8,0,5.0,17.9,0.2568140402842559,0.3958797202046067,0.17340355427104162,0.21782495911663055,11.0,117.8,88.0
115178,14694,GP,2026-05-17,9,1,1.0,13.1,0.2596883360544935,0.3448357666633598,0.38871877639932606,0.3133704999260336,21.0,120.6,88.0
115179,14694,GP,2026-05-17,9,1,2.0,2.3,0.6374781374515349,0.6984068646391401,0.7251360650711328,0.8638108356215654,3.5,132.7,87.0
115180,14694,GP,2026-05-17,9,1,3.0,6.2,0.4083710624884268,0.4839710858580063,0.5024474726611871,0.6006730862792842,9.0,124.2,87.0
115181,14694,GP,2026-05-17,9,0,4.0,10.1,0.2863423848652905,0.1537212780089358,0.24219975798404886,0.13736033191429792,9.0,123.2,88.0
115182,14694,GP,2026-05-17,9,0,5.0,1.4,0.7107772642843024,0.5015956686427492,0.7745925422509756,0.6426549458859163,2.6,128.6,94.0
115183,14694,GP,2026-05-17,9,0,6.0,19.2,0.1968920231529386,0.2099825419929677,0.20763501335224135,0.06845846923482385,31.0,117.8,93.0
115184,14694,GP,2026-05-17,9,0,7.0,15.9,0.2339486881212161,0.4006161861667028,0.32893228643050604,0.3714164658860579,16.0,117.7,86.0
115185,14694,GP,2026-05-17,9,0,8.0,8.7,0.3242247578051803,0.2687724494807763,0.27086687505354373,0.2106855304259703,9.0,121.3,85.0
115186,14695,GP,2026-05-17,10,1,1.0,0.5,0.864622214952932,0.5819102781271073,0.9255783874874771,0.8045322053083688,2.4,124.0,88.0
115187,14695,GP,2026-05-17,10,1,2.0,9.2,0.3676853165086042,0.3646135973400223,0.47115983375295156,0.5402893673315105,5.0,113.0,80.0
115188,14695,GP,2026-05-17,10,1,3.0,12.4,0.2909742041795921,0.1492375298894917,0.24591685881213174,0.09846244203387809,11.0,116.7,86.0
115189,14695,GP,2026-05-17,10,0,4.0,7.5,0.4093841148594858,0.3448268327638081,0.4888196159871521,0.40759195323763875,9.0,112.3,83.0
115190,14695,GP,2026-05-17,10,0,5.0,10.4,0.3526376653660196,0.5012385494001795,0.2648846253195297,0.37469769426743693,11.0,114.1,81.0
115191,14695,GP,2026-05-17,10,0,6.0,15.9,0.2520219951753034,0.1706587618172141,0.323128810231043,0.1984859084127847,9.0,110.5,80.0
115192,14695,GP,2026-05-17,10,0,7.0,30.1,0.1706061740303853,0.2148848015571147,0.12408648547639815,0.07564655819037362,21.0,103.4,79.0
115193,14695,GP,2026-05-17,10,0,8.0,30.7,0.1683359582661241,0.2135495089555009,0.2776277871820229,0.3142624722594828,13.0,118.3,83.0
115194,14695,GP,2026-05-17,10,0,9.0,15.6,0.2643557366210721,0.2816264982604078,0.14318186432433289,0.09546326095609482,7.0,109.8,76.0
115195,14696,GP,2026-05-22,1,1,1.0,2.2,0.6319055462683638,0.7198470942558903,0.38684500872538974,0.5429871683002169,5.5,113.2,74.0
115196,14696,GP,2026-05-22,1,1,2.0,2.4,0.5934114383076914,0.438333760088564,0.5637764353785949,0.4659851617438473,,112.3,76.0
115197,14696,GP,2026-05-22,1,1,3.0,5.5,0.4137376414218635,0.4128490002550297,0.5138935877412006,0.4441721776622786,13.0,112.8,72.0
115198,14696,GP,2026-05-22,1,0,4.0,12.1,0.2543743918072002,0.2260502936155125,0.3952010662868679,0.25554474872867683,16.0,112.3,72.0
115199,14696,GP,2026-05-22,1,0,5.0,18.3,0.2132104597955385,0.5225543854164054,0.1609519520968495,0.33058030877462125,13.0,105.9,78.0
115200,14696,GP,2026-05-22,1,0,6.0,10.8,0.2894340308598214,0.4738715611117872,0.1584074306265885,0.2519565213773282,11.0,106.4,67.0
115201,14696,GP,2026-05-22,1,0,7.0,3.8,0.4922489611277954,0.3933788253955624,0.34394915274760324,0.23252432262111217,,106.4,
115202,14696,GP,2026-05-22,1,0,8.0,22.8,0.1743687853197962,0.2813778824840265,0.23336871392182987,0.20740207293205581,21.0,108.7,72.0
115203,14697,GP,2026-05-22,2,1,1.0,30.3,0.2280996657740505,0.385891974596073,0.1527491442855479,0.21030816953589165,13.0,,
115204,14697,GP,2026-05-22,2,1,2.0,9.8,0.4557165652187885,0.4365104921245525,0.48059584868101257,0.46882118259638583,11.0,,
115205,14697,GP,2026-05-22,2,1,3.0,13.5,0.3714458864076125,0.32714512287332,0.30922955273253394,0.3414551739864661,4.0,,
115206,14697,GP,2026-05-22,2,0,4.0,31.3,0.2202551009342752,0.3303996872428897,0.15445688963030219,0.13441109494735248,21.0,128.0,
115207,14697,GP,2026-05-22,2,0,5.0,6.0,0.5813471284219771,0.4858800557131925,0.5789215557150116,0.5255327468742935,9.0,,
115208,14697,GP,2026-05-22,2,0,6.0,0.2,0.9479250911111368,0.7060885257180664,0.8789946357676095,0.6076886850012493,2.0,128.0,81.0
115209,14697,GP,2026-05-22,2,0,7.0,25.5,0.2647687850449744,0.5598572820037047,0.2060629039496894,0.5279524059468913,5.0,,
115210,14698,GP,2026-05-22,3,1,1.0,13.8,0.2717152937484415,0.5482520486138109,0.2694560292628166,0.47425115668345125,16.0,119.3,87.0
115211,14698,GP,2026-05-22,3,1,2.0,3.1,0.591538035641648,0.5797478109505215,0.824005346282753,0.873804401945334,5.0,123.2,87.0
115212,14698,GP,2026-05-22,3,1,3.0,2.1,0.6813012000612496,0.70090558661477,0.7673268491747676,0.8606177782536913,3.5,126.8,92.0
115213,14698,GP,2026-05-22,3,0,4.0,19.1,0.2190455661210865,0.4748942899172193,0.3984853730792571,0.5813636387387011,13.0,117.8,89.0
115214,14698,GP,2026-05-22,3,0,5.0,5.4,0.4613828698593311,0.5923558961345945,0.46016486310535726,0.6150952643187012,4.5,121.1,94.0
115215,14698,GP,2026-05-22,3,0,6.0,1.6,0.7248626142562627,0.6421056988320005,0.7943447050358412,0.7975798195745483,3.0,122.8,92.0
115216,14699,GP,2026-05-22,4,1,1.0,2.2,0.6924315619502023,0.624615076349179,0.7771091963014515,0.8054280452678854,3.0,113.0,80.0
115217,14699,GP,2026-05-22,4,1,2.0,3.8,0.5829197743341464,0.7279469108569988,0.5054506132410244,0.761569054361365,3.5,113.9,76.0
115218,14699,GP,2026-05-22,4,1,3.0,6.1,0.444097613901894,0.4481691238603317,0.36805337184088527,0.3890487974893124,,111.4,81.0
115219,14699,GP,2026-05-22,4,0,4.0,1.2,0.7966068892620409,0.7551352336439644,0.8085294061962833,0.8167430987970073,4.0,117.0,81.0
115220,14699,GP,2026-05-22,4,0,5.0,9.2,0.357247209906233,0.4970584228169111,0.32352223558216897,0.5359630036013333,7.0,111.5,82.0
115221,14700,GP,2026-05-22,5,1,1.0,6.9,0.3548045047107013,0.4072712788507515,0.3608843904373283,0.4147154366127405,9.0,103.7,71.0
115222,14700,GP,2026-05-22,5,1,2.0,3.6,0.4839638606660555,0.357398056755745,0.45392872983036253,0.3357235324094077,4.5,104.0,71.0
115223,14700,GP,2026-05-22,5,1,3.0,4.2,0.4467722717718014,0.3031749486448506,0.47764493840951994,0.45372031048636197,5.5,105.0,75.0
115224,14700,GP,2026-05-22,5,0,4.0,3.0,0.5330645386292916,0.494453437043545,0.5847235983067244,0.6044460920775435,6.0,104.8,74.0
115225,14700,GP,2026-05-22,5,0,5.0,17.2,0.198746837144556,0.2353404658862873,0.10948619063898188,0.06609849883803368,13.0,98.0,62.0
115226,14700,GP,2026-05-22,5,0,6.0,5.1,0.4061059519265843,0.2990279020309626,0.42027859824436176,0.3249536553463586,5.0,100.1,79.0
115227,14700,GP,2026-05-22,5,0,7.0,4.9,0.4144787827795153,0.3010008107904446,0.4700306260575338,0.45142858597976177,7.0,107.8,74.0
115228,14700,GP,2026-05-22,5,0,8.0,41.0,0.1146165095088894,0.2774264121445394,0.04591709179524567,0.07245216377142842,16.0,98.0,59.0
115229,14700,GP,2026-05-22,5,0,9.0,50.0,0.0995216237221626,0.2557895213080734,0.07723755981080381,0.06406749556730433,21.0,90.3,55.0
115230,14701,GP,2026-05-22,6,1,1.0,5.2,0.4217096081935881,0.3290086771436949,0.49168554265702863,0.4705845385874073,9.0,116.5,89.0
115231,14701,GP,2026-05-22,6,1,2.0,2.4,0.6006678251527818,0.4779535312923219,0.419919087486498,0.42859904895556183,3.0,116.8,82.0
115232,14701,GP,2026-05-22,6,1,3.0,3.7,0.5030256378920247,0.4128505156870488,0.5810068179624517,0.5360972604960373,3.5,111.0,83.0
115233,14701,GP,2026-05-22,6,0,4.0,30.4,0.1415765684272342,0.203388623666139,0.13177599489883873,0.24717326046878133,,112.3,87.0
115234,14701,GP,2026-05-22,6,0,5.0,6.5,0.3696246157421194,0.2620734777758566,0.20211949405332064,0.18346801239067,7.0,116.5,85.0
115235,14701,GP,2026-05-22,6,0,6.0,2.3,0.6021771547839851,0.3816593773691354,0.40751954061706763,0.42279979086024994,4.5,116.9,87.0
115236,14701,GP,2026-05-22,6,0,7.0,10.7,0.2752299434993204,0.2230513371430791,0.45081739504239793,0.3719114823839632,,107.2,77.0
115237,14702,GP,2026-05-22,7,1,1.0,5.3,0.3989999735526027,0.2833029555365348,0.4921732563326646,0.3252200425797355,16.0,108.2,73.0
115238,14702,GP,2026-05-22,7,1,2.0,3.7,0.4739594727478312,0.2811143203878624,0.7082490433395147,0.65210519989808,4.5,113.0,84.0
115239,14702,GP,2026-05-22,7,1,3.0,17.2,0.2107782599258512,0.4289618442722144,0.16606349725118583,0.2812900563022347,11.0,105.7,76.0
115240,14702,GP,2026-05-22,7,0,4.0,2.8,0.5400737630706544,0.3654518449567612,0.45221978311237915,0.33072230616242193,3.5,107.4,77.0
115241,14702,GP,2026-05-22,7,0,5.0,9.2,0.3000657273342324,0.3459108628078507,0.33798044312863706,0.40744900646493953,9.0,105.8,76.0
115242,14702,GP,2026-05-22,7,0,6.0,6.6,0.3458258669472477,0.1826428583547395,0.4863842512023994,0.3719907957369952,,108.6,80.0
115243,14702,GP,2026-05-22,7,0,7.0,13.5,0.2282838019288239,0.1877713311966721,0.373818970094532,0.360425786179272,7.0,108.9,75.0
115244,14702,GP,2026-05-22,7,0,8.0,3.4,0.4967476893699373,0.3357141407082334,0.651249319088456,0.6422968735327101,5.5,110.5,94.0
115245,14703,GP,2026-05-22,8,1,1.0,1.9,0.7974286883861749,0.6139527946891651,0.7721781957323617,0.5956565596938042,,128.3,94.0
115246,14703,GP,2026-05-22,8,1,2.0,0.6,0.9070883953859226,0.7234451359400663,0.9188393579500276,0.847703623726486,2.6,131.6,89.0
115247,14703,GP,2026-05-22,8,1,3.0,13.9,0.3359422784258334,0.5441094091035529,0.39506704755174527,0.6036642239024971,7.0,116.5,76.0
115248,14703,GP,2026-05-22,8,0,4.0,17.8,0.2788021569052303,0.3861566856519113,0.2539196988921938,0.39207159951165327,7.0,120.7,68.0
115249,14703,GP,2026-05-22,8,0,5.0,5.2,0.5966922376808841,0.5817435532383429,0.35580749061459754,0.41087766527139435,4.5,123.1,84.0
115250,14704,GP,2026-05-22,9,1,1.0,10.6,0.2983381802898119,0.1875002914412779,0.4313667178822847,0.24154337383763388,16.0,112.1,83.0
115251,14704,GP,2026-05-22,9,1,2.0,1.3,0.7548180112290925,0.6027885228755473,0.7564744586748245,0.7273678542820506,,119.0,81.0
115252,14704,GP,2026-05-22,9,1,3.0,14.1,0.2710563825530916,0.4852593159652948,0.38038957632788434,0.5739761388716739,11.0,109.9,78.0
115253,14704,GP,2026-05-22,9,0,4.0,28.5,0.1657870040822756,0.2926914858386925,0.15620161453014775,0.21473364022170469,16.0,107.3,73.0
115254,14704,GP,2026-05-22,9,0,5.0,1.8,0.700474887564448,0.5437374188161959,0.5497634671827669,0.5408254692027074,2.8,117.9,88.0
115255,14704,GP,2026-05-22,9,0,6.0,23.3,0.1923733630258081,0.3585304310777951,0.09446197606490735,0.1382630483595811,11.0,107.3,
115256,14704,GP,2026-05-22,9,0,7.0,33.6,0.1463467825742146,0.2417567202644866,0.12285164968261547,0.11729807875401695,16.0,106.8,68.0
115257,14704,GP,2026-05-22,9,0,8.0,56.2,0.102869364178882,0.2229980612254173,0.06472456818982991,0.04896025490525387,31.0,,
115258,14704,GP,2026-05-22,9,0,9.0,5.3,0.4625281291674651,0.3969915145380583,0.4306728818940098,0.42348552878296913,3.5,,
169926,22453,CT,2026-05-29,1,1,2.0,1.4,0.7339313143787893,0.5160090884976235,0.8148809244879075,0.6793990335691837,4.0,106.8,76.0
169927,22453,CT,2026-05-29,1,1,3.0,6.7,0.4025815569582197,0.4320442452170789,0.4951283846769102,0.5962033950302971,5.5,102.7,68.0
169928,22453,CT,2026-05-29,1,0,4.0,4.3,0.4789118411333585,0.1657047672615922,0.5929705059539347,0.331582786686573,7.0,102.2,73.0
169929,22453,CT,2026-05-29,1,0,5.0,13.0,0.2690662317531933,0.3279382791733503,0.3533479709135829,0.4384048965432095,6.0,101.8,64.0
169930,22453,CT,2026-05-29,1,0,6.0,16.7,0.2221685402866518,0.2029705687110043,0.2976407165083659,0.34502402755571315,6.0,102.6,70.0
169931,22453,CT,2026-05-29,1,0,7.0,27.9,0.1561753967217722,0.150861918676954,0.11304991367705595,0.0830572024563635,16.0,99.2,69.0
169932,22454,CT,2026-05-29,2,1,1.0,3.7,0.4918342255643531,0.4361845901467014,0.5359409903262774,0.47937039996065955,13.0,103.7,67.0
169933,22454,CT,2026-05-29,2,1,2.0,16.9,0.2147564086436046,0.4211928751092937,0.3146678886706444,0.49184552414750254,11.0,101.9,71.0
169934,22454,CT,2026-05-29,2,1,3.0,8.0,0.3383876524714247,0.4965877937890414,0.4233865754744392,0.6792814485555017,9.0,107.3,73.0
169935,22454,CT,2026-05-29,2,0,4.0,3.9,0.4906369530187067,0.5698161171940349,0.5549682786076036,0.5704367269765732,9.0,94.9,72.0
169936,22454,CT,2026-05-29,2,0,5.0,2.4,0.5913380423821287,0.5522183099470047,0.48056560565231865,0.5138312734821296,4.5,102.0,77.0
169937,22454,CT,2026-05-29,2,0,6.0,3.9,0.4734072212536868,0.3464499822570935,0.6589291322232221,0.6569401419209815,6.0,106.5,82.0
169938,22454,CT,2026-05-29,2,0,7.0,9.5,0.2942321092747194,0.2999373030735129,0.3178496800597778,0.2416837812324429,16.0,87.6,71.0
169939,22454,CT,2026-05-29,2,0,8.0,23.7,0.164104039796123,0.2277356600239942,0.21035787383476195,0.20975810159544897,16.0,85.6,74.0
169940,22455,CT,2026-05-29,3,1,1.0,92.1,0.0645653473094807,0.0958921893686701,0.052415744804153876,0.031018248198994767,31.0,101.5,75.0
169941,22455,CT,2026-05-29,3,1,2.0,3.0,0.5837601461933317,0.6534876687538794,0.6251567034611565,0.7122857517118408,5.0,118.6,82.0
169942,22455,CT,2026-05-29,3,1,3.0,3.1,0.5614018045597386,0.4525319765948817,0.4458014199332875,0.3574804695332433,6.0,112.8,84.0
169943,22455,CT,2026-05-29,3,0,4.0,6.9,0.3903776396389013,0.5430941834326081,0.2850334413264482,0.39431948160427255,9.0,106.2,72.0
169944,22455,CT,2026-05-29,3,0,5.0,77.8,0.0756554633662274,0.1598303487544307,0.07934378883443885,0.05040777370417901,31.0,101.0,67.0
169945,22455,CT,2026-05-29,3,0,6.0,18.2,0.2268214160038582,0.6198191422885789,0.1436019932249593,0.29747037802591336,11.0,105.7,67.0
169946,22455,CT,2026-05-29,3,0,7.0,6.1,0.402624323103578,0.3577637921141963,0.16256571377570486,0.10591323393039632,13.0,106.1,67.0
169947,22455,CT,2026-05-29,3,0,,1.6,0.6886294721777096,0.4012845797816304,0.6158664772098911,0.4571546315549245,4.5,112.8,82.0
169948,22456,CT,2026-05-29,4,1,1.0,4.1,0.5790457624177636,0.4036212300036859,0.6997726060642556,0.6113472822085021,6.0,119.7,82.0
169949,22456,CT,2026-05-29,4,1,2.0,8.8,0.4048356943827851,0.4610461075892973,0.4202801258499546,0.5015507899240884,9.0,122.2,88.0
169950,22456,CT,2026-05-29,4,1,3.0,0.5,0.8844805648763329,0.645946353871605,0.8802806789516715,0.6703863211758452,2.0,125.3,82.0
169951,22456,CT,2026-05-29,4,0,4.0,14.9,0.2915453971049784,0.3587976839551769,0.37276805868709306,0.3616198204330601,9.0,114.7,82.0
169952,22456,CT,2026-05-29,4,0,5.0,9.4,0.3912471972362255,0.4757486974806106,0.3151182744827563,0.36700630398529355,7.0,118.4,84.0
169953,22456,CT,2026-05-29,4,0,6.0,21.6,0.2426129610902275,0.5561572676143491,0.2056643088451313,0.31075602350056125,13.0,119.3,86.0
169954,22456,CT,2026-05-29,4,0,7.0,49.5,0.1252785967030598,0.1513609475893623,0.11729537771934372,0.17014151083827436,11.0,112.8,90.0
169955,22456,CT,2026-05-29,4,0,,31.6,0.1838832868477439,0.4080037275974107,0.35085946233001847,0.5299717110525202,21.0,119.7,85.0
169956,22457,CT,2026-05-29,5,1,1.0,0.5,0.8663385807945648,0.5142100298789773,0.9118064978698277,0.7510454537190244,4.0,105.3,70.0
169957,22457,CT,2026-05-29,5,1,2.0,8.7,0.3820831012034031,0.3368985801563984,0.60513657595194,0.6166354449630718,3.5,95.4,75.0
169958,22457,CT,2026-05-29,5,1,3.0,50.4,0.1266429880700762,0.30444436639304,0.16171343296769708,0.2821072642343946,13.0,93.7,58.0
169959,22457,CT,2026-05-29,5,0,4.0,6.9,0.4282354779651967,0.2858632908636788,0.5883175351856744,0.28727550559190523,21.0,96.0,62.0
169960,22457,CT,2026-05-29,5,0,5.0,14.0,0.2842539579746878,0.2584305130804005,0.37225980455955165,0.38207549452309014,6.0,94.3,60.0
169961,22457,CT,2026-05-29,5,0,6.0,31.0,0.1804438657333191,0.4262871635327429,0.07055918971633861,0.14457824567600053,7.0,94.7,52.0
169962,22457,CT,2026-05-29,5,0,7.0,17.1,0.2535620312317257,0.287748517664471,0.3514008146670848,0.41832426362669106,9.0,95.0,63.0
169963,22457,CT,2026-05-29,5,0,8.0,22.0,0.2200616997825692,0.3463493539371645,0.06578691115403368,0.07005949764239694,11.0,93.2,40.0
169964,22457,CT,2026-05-29,5,0,9.0,9.1,0.3664355826035747,0.2628968443600392,0.15856008561128526,0.08242679067077827,7.0,77.0,
169965,22457,CT,2026-05-29,5,0,10.0,114.1,0.0698860085697258,0.2090816808968073,0.029130009740097915,0.021504095270008457,21.0,81.8,44.0
169966,22458,CT,2026-05-29,6,1,1.0,3.3,0.4994920000629951,0.2605653457793313,0.7718161881296285,0.7045214516753369,2.4,105.4,68.0
169967,22458,CT,2026-05-29,6,1,2.0,5.1,0.4050045660551085,0.2342293653085337,0.3046036162471134,0.1763464309964784,,89.1,61.0
169968,22458,CT,2026-05-29,6,1,3.0,24.6,0.1568461798482167,0.1817988043585602,0.15709212388297922,0.18322386220328002,13.0,97.8,66.0
169969,22458,CT,2026-05-29,6,0,4.0,17.7,0.2013513877223205,0.296609621114903,0.12019934860609506,0.1264380659235063,13.0,84.0,65.0
169970,22458,CT,2026-05-29,6,0,5.0,39.1,0.1187902630312163,0.2538523256502751,0.04933232821324668,0.06786059076986892,16.0,95.2,68.0
169971,22458,CT,2026-05-29,6,0,6.0,2.1,0.603708307201531,0.3989524455787239,0.6255886807417586,0.3728899301662505,7.0,92.6,67.0
169972,22458,CT,2026-05-29,6,0,7.0,4.2,0.4571117402096845,0.3618919931750112,0.4786497392245445,0.40249434097502024,6.0,102.2,62.0
169973,22458,CT,2026-05-29,6,0,8.0,21.2,0.1697504112615953,0.1446640451169844,0.23113233996596752,0.2062137545830786,13.0,97.2,77.0
169974,22458,CT,2026-05-29,6,0,9.0,17.0,0.1959349386370805,0.1499578023220673,0.2894293503440531,0.12448409970123506,21.0,87.8,58.0
169975,22458,CT,2026-05-29,6,0,,9.7,0.292654142972535,0.3401716137776996,0.12569228598277807,0.10495562666243276,11.0,89.7,69.0
169976,22459,CT,2026-05-29,7,1,1.0,2.7,0.5541290746860114,0.5337715148502272,0.6533053497442134,0.7872191151067843,2.8,104.9,77.0
169977,22459,CT,2026-05-29,7,1,2.0,18.2,0.1859860874184753,0.1704831164240306,0.17210559484078833,0.198865184725485,9.0,98.7,67.0
169978,22459,CT,2026-05-29,7,1,3.0,9.2,0.2944709070635048,0.3150900336446088,0.32505271631610516,0.33682913338180936,13.0,100.3,61.0
169979,22459,CT,2026-05-29,7,1,3.0,7.1,0.3272620654756548,0.1735776125365303,0.2021547319521006,0.13754173604577147,,98.1,64.0
169980,22459,CT,2026-05-29,7,0,5.0,3.3,0.5053137308472908,0.4376846103902118,0.7853566670477913,0.7762879210240718,11.0,104.8,61.0
169981,22459,CT,2026-05-29,7,0,6.0,82.1,0.0687857349552186,0.1989011772030606,0.0711904482988472,0.06001970847627672,31.0,81.6,55.0
169982,22459,CT,2026-05-29,7,0,7.0,52.8,0.0885529521893429,0.104968592703886,0.10411723721969143,0.07131459543299314,21.0,88.9,57.0
169983,22459,CT,2026-05-29,7,0,8.0,5.6,0.4065362156382404,0.5888237667187904,0.39113133749182655,0.4639834798819456,5.5,98.1,
169984,22459,CT,2026-05-29,7,0,9.0,10.1,0.2800009625073963,0.3290917912351601,0.2630891776125734,0.32260153494310034,6.0,,
169985,22459,CT,2026-05-29,7,0,10.0,4.8,0.4250708286767714,0.4136903430622917,0.3385739513755429,0.2841031181641429,6.0,81.6,
169986,22460,CT,2026-05-29,8,1,1.0,6.1,0.4413594509304512,0.4715459135365141,0.4823000836201561,0.5382234509895427,5.0,114.3,77.0
169987,22460,CT,2026-05-29,8,1,2.0,1.5,0.7533554352220893,0.7162923259038844,0.6445657640842442,0.6258147355610801,4.0,119.6,78.0
169988,22460,CT,2026-05-29,8,1,3.0,1.5,0.7522958274313676,0.7006894762032313,0.7358964886785033,0.7522758166567328,3.5,118.1,78.0
169989,22460,CT,2026-05-29,8,0,4.0,4.9,0.4936858728423705,0.4648364541490126,0.44783976475214454,0.47988117402695846,4.5,118.8,80.0
169990,22460,CT,2026-05-29,8,0,5.0,20.2,0.2090848431492279,0.2882386635564553,0.2522629591231795,0.3584363631293453,7.0,110.5,79.0
169991,22460,CT,2026-05-29,8,0,6.0,19.1,0.2234192844973758,0.4061750303239108,0.1772919450367675,0.34703527480662644,11.0,110.6,73.0
169992,22460,CT,2026-05-29,8,0,7.0,48.4,0.1139558118254855,0.1964912114015197,0.08932135974895031,0.13520385790331843,16.0,104.6,74.0
169993,22461,CT,2026-05-29,9,1,1.0,4.4,0.4371560067886811,0.4085655972048453,0.38233829199849584,0.359224344780899,6.0,107.6,65.0
169994,22461,CT,2026-05-29,9,1,2.0,4.6,0.4170971401471542,0.2759974526967641,0.37717752527206694,0.214479115046968,4.5,106.2,78.0
169995,22461,CT,2026-05-29,9,1,3.0,4.4,0.4266472251794697,0.2812559167751235,0.5549085702045098,0.42181951745889534,5.5,108.8,74.0
169996,22461,CT,2026-05-29,9,0,4.0,4.4,0.4317419085742857,0.3402248630216459,0.4828859502454454,0.4751106392234281,5.0,109.9,83.0
169997,22461,CT,2026-05-29,9,0,5.0,5.4,0.3912246892628043,0.3510082391877684,0.20811963801272593,0.11598638107181633,13.0,102.9,63.0
169998,22461,CT,2026-05-29,9,0,6.0,14.4,0.2101466261459177,0.1439108243412902,0.24168776516642362,0.09790547957107845,16.0,105.5,75.0
169999,22461,CT,2026-05-29,9,0,7.0,35.5,0.1210366210224071,0.2137216399882533,0.13658976330038533,0.11038015738123996,16.0,101.9,68.0
170000,22461,CT,2026-05-29,9,0,8.0,29.1,0.1365066244050426,0.1860653799194475,0.06867664678410433,0.06098114185502675,13.0,101.5,79.0
170001,22461,CT,2026-05-29,9,0,9.0,4.7,0.4052074067811722,0.2014143929544072,0.6390547511820831,0.49342751502312243,6.0,110.2,75.0
170002,22461,CT,2026-05-29,9,0,10.0,35.8,0.1181967626500959,0.1713810267817974,0.16481408288353136,0.1755829186256395,16.0,103.0,71.0
115462,14734,GP,2026-05-30,1,1,1.0,2.5,0.6183809283060714,0.560147639281053,0.7067104748143497,0.7274348323013098,5.0,108.7,77.0
115463,14734,GP,2026-05-30,1,1,2.0,7.2,0.3727030646916408,0.3552446961656826,0.21587271899737326,0.17207219313115266,9.0,97.8,74.0
115464,14734,GP,2026-05-30,1,1,3.0,1.4,0.7272575986724191,0.639716685875548,0.7661434744128819,0.7346600063440984,4.0,108.8,74.0
115465,14734,GP,2026-05-30,1,0,4.0,15.2,0.2384109232240174,0.3127629523841463,0.26497809052855226,0.24867616196225634,16.0,99.9,65.0
115466,14734,GP,2026-05-30,1,0,5.0,15.2,0.243209274255499,0.3919899085967676,0.23053628681168958,0.4020330350661596,13.0,103.3,76.0
115467,14734,GP,2026-05-30,1,0,6.0,44.8,0.1093183839722902,0.1177321226304753,0.027088655921064648,0.013021398658163257,21.0,94.0,57.0
115468,14734,GP,2026-05-30,1,0,7.0,12.6,0.2724456912601828,0.3924131451299256,0.23483242981952043,0.30379866905322994,7.0,101.3,63.0
115469,14734,GP,2026-05-30,1,0,8.0,4.8,0.4628810283259288,0.3853118100819722,0.322346746491098,0.24703177132062235,3.5,98.4,73.0
115470,14735,GP,2026-05-30,2,1,1.0,2.7,0.5537892785952278,0.4496207799234429,0.7961740348193671,0.7999634810133607,3.5,109.2,80.0
115471,14735,GP,2026-05-30,2,1,2.0,3.5,0.4969385451223073,0.418433233977566,0.3760234737486116,0.4108244733927353,6.0,104.7,74.0
115472,14735,GP,2026-05-30,2,1,3.0,10.9,0.2756498135680217,0.4070789175002225,0.24650661689583006,0.3481780594078822,11.0,99.8,88.0
115473,14735,GP,2026-05-30,2,0,4.0,7.9,0.3227329793810141,0.2940605112207438,0.39743450307413003,0.37964445721716106,9.0,104.3,77.0
115474,14735,GP,2026-05-30,2,0,5.0,8.7,0.3106965013561189,0.3633199850137934,0.3666114692334638,0.4614466920712694,7.0,108.4,77.0
115475,14735,GP,2026-05-30,2,0,6.0,3.2,0.5133460784357781,0.3855163330264983,0.5292175077242256,0.5220012775790019,4.5,107.1,82.0
115476,14735,GP,2026-05-30,2,0,7.0,6.5,0.3483007974378168,0.1815404292634599,0.4353148394054649,0.3500275429188374,5.5,112.7,79.0
115477,14735,GP,2026-05-30,2,0,8.0,16.3,0.2127831417546857,0.3387841503849703,0.1124713210103126,0.16073204665989269,13.0,97.3,
115478,14736,GP,2026-05-30,3,1,1.0,1.3,0.7836403150862133,0.7606151533336424,0.7746125951390629,0.7695807767670285,3.5,119.3,83.0
115479,14736,GP,2026-05-30,3,1,2.0,1.6,0.7477373497796953,0.6702323870978274,0.7946620451150764,0.7888139043146958,4.0,119.9,79.0
115480,14736,GP,2026-05-30,3,1,3.0,12.5,0.2945361684525056,0.4412050746468991,0.1521414314296889,0.30639679375336437,7.0,115.9,75.0
115481,14736,GP,2026-05-30,3,0,4.0,4.8,0.5141756648789952,0.5984596581405329,0.6027057466399076,0.7085421312119679,5.0,117.3,73.0
115482,14736,GP,2026-05-30,3,0,5.0,5.7,0.456801480913002,0.4044631774663908,0.4366549303098202,0.4278999278612728,9.0,113.5,65.0
115483,14736,GP,2026-05-30,3,0,6.0,40.8,0.1343679062298763,0.315821320003619,0.07538832995665445,0.16434671698021747,13.0,100.1,60.0
115484,14737,GP,2026-05-30,4,1,1.0,1.7,0.8037560375785051,0.7463229438394952,0.6696190123723224,0.6546091300433693,,111.5,78.0
115485,14737,GP,2026-05-30,4,1,2.0,0.9,0.8720254682375322,0.7587062273100134,0.9165682880421133,0.9102288703418181,2.4,121.4,80.0
115486,14737,GP,2026-05-30,4,1,3.0,4.1,0.6353356930788442,0.6676078141366026,0.6093686245419447,0.6792049032580832,4.5,104.8,48.0
115487,14737,GP,2026-05-30,4,0,4.0,21.7,0.229567500166689,0.3565159098596886,0.3739770872944027,0.5011770428843447,16.0,101.9,73.0
115488,14737,GP,2026-05-30,4,0,5.0,10.7,0.3815943101860534,0.70490409525353,0.26530565516791454,0.5700100920909784,7.0,101.2,46.0
115489,14738,GP,2026-05-30,5,1,1.0,2.4,0.6473140073828022,0.5977967506177592,0.5000925933912681,0.6001892213315088,3.5,115.7,76.0
115490,14738,GP,2026-05-30,5,1,2.0,1.8,0.689427023162504,0.4021071797472581,0.539927654720057,0.29520464536699487,3.0,109.1,86.0
115491,14738,GP,2026-05-30,5,1,3.0,26.0,0.1652224988142675,0.189110204854027,0.2693801551107766,0.13286036516029448,21.0,101.1,70.0
115492,14738,GP,2026-05-30,5,0,4.0,23.6,0.1797360063096054,0.2472301126615216,0.1944244310622427,0.24181371402143442,13.0,104.3,71.0
115493,14738,GP,2026-05-30,5,0,5.0,2.4,0.6389120615139112,0.4776472342409057,0.49595636641774293,0.409600934618039,4.5,111.7,80.0
115494,14738,GP,2026-05-30,5,0,6.0,4.8,0.4670756623914925,0.3278630469738006,0.3442939796561722,0.29557080967282273,5.0,107.3,81.0
115495,14738,GP,2026-05-30,5,0,7.0,43.8,0.1187273671016831,0.2281878694401812,0.14012322750360848,0.20317038258701942,21.0,103.6,78.0
115496,14739,GP,2026-05-30,6,1,1.0,2.3,0.6188241311301979,0.6409252651377642,0.5492111498279131,0.5825809087229206,3.0,126.6,89.0
115497,14739,GP,2026-05-30,6,1,2.0,7.1,0.369245846348871,0.5120755787215953,0.18797531782433127,0.21951426964690893,9.0,123.7,87.0
115498,14739,GP,2026-05-30,6,1,3.0,5.6,0.4286903387608355,0.6543816393949408,0.6983601421893201,0.8393174068929239,7.0,125.8,88.0
115499,14739,GP,2026-05-30,6,0,4.0,3.5,0.5439710254485663,0.7879560989468168,0.5580267704593199,0.8105072352788739,4.5,128.3,86.0
115500,14739,GP,2026-05-30,6,0,5.0,3.3,0.5505248633187345,0.726600921815065,0.4980395366873719,0.7223221878295923,3.5,128.3,93.0
115501,14739,GP,2026-05-30,6,0,6.0,4.4,0.4745068815505962,0.5733988909583699,0.32761496925060424,0.5096717918008145,7.0,128.5,87.0
115502,14740,GP,2026-05-30,7,1,1.0,3.1,0.5545061586477845,0.5419978450332218,0.7144041305903974,0.8241781280097391,4.5,119.0,94.0
115503,14740,GP,2026-05-30,7,1,2.0,3.8,0.4990982668251601,0.406054138796418,0.5821965398754751,0.6030826603871547,3.5,115.0,89.0
115504,14740,GP,2026-05-30,7,1,3.0,2.7,0.5696688644871869,0.3494343845733562,0.7129692538703677,0.468720029270645,9.0,113.3,83.0
115505,14740,GP,2026-05-30,7,0,4.0,42.3,0.1150163265933044,0.2233632486034322,0.15540702631481,0.16270362185746493,21.0,108.0,83.0
115506,14740,GP,2026-05-30,7,0,5.0,23.9,0.1675456127185768,0.2215575909388041,0.187756863384681,0.1956114657857991,13.0,109.1,88.0
115507,14740,GP,2026-05-30,7,0,6.0,7.2,0.3674179385780977,0.4763922861561189,0.4144903037320278,0.5974044500224718,7.0,117.3,85.0
115508,14740,GP,2026-05-30,7,0,7.0,2.4,0.6109427720525042,0.5733262864023084,0.6876830257352284,0.7827088849767625,2.8,119.2,83.0
115509,14740,GP,2026-05-30,7,0,8.0,53.0,0.0961163656304058,0.1620864676141692,0.12360099877485468,0.10779458399852776,21.0,106.7,80.0
115510,14741,GP,2026-05-30,8,1,1.0,0.7,0.8377995933068993,0.4657370144747296,0.9133103034167847,0.6910946550540058,3.0,126.3,88.0
115511,14741,GP,2026-05-30,8,1,2.0,3.1,0.6281335501519644,0.6309879132934711,0.4899872600407648,0.5639834405900851,2.8,120.6,88.0
115512,14741,GP,2026-05-30,8,1,3.0,14.3,0.2780857667321689,0.353690089544406,0.21614578818740834,0.17495778757683725,16.0,112.9,83.0
115513,14741,GP,2026-05-30,8,0,4.0,6.5,0.4488793834883494,0.4966352275000679,0.32799224740013533,0.32475401831976886,7.0,118.0,83.0
115514,14741,GP,2026-05-30,8,0,5.0,12.4,0.2922102072105761,0.2153858169368941,0.3437187407479872,0.3095715923027757,6.0,121.7,85.0
115515,14741,GP,2026-05-30,8,0,6.0,19.9,0.2265926963664992,0.3529508326151823,0.3625558669487344,0.41891081596785046,16.0,118.0,82.0
115516,14741,GP,2026-05-30,8,0,7.0,12.3,0.3107848174221737,0.446588242180953,0.3336395997182671,0.549154424038259,9.0,123.4,85.0
115517,14742,GP,2026-05-30,9,1,1.0,1.7,0.6553216533512265,0.5005555072666901,0.7509378377164627,0.7290176020491623,6.0,126.2,81.0
115518,14742,GP,2026-05-30,9,1,2.0,6.1,0.3808687368156375,0.3111993264009976,0.4391899009164691,0.5099208569067676,7.0,120.5,77.0
115519,14742,GP,2026-05-30,9,1,3.0,3.4,0.5123801801822421,0.4199545799248242,0.5306075947506673,0.5582426903659412,4.5,115.8,85.0
115520,14742,GP,2026-05-30,9,0,4.0,7.5,0.3543378228417124,0.5005067484821085,0.28355050561052725,0.3337549522112006,,115.0,76.0
115521,14742,GP,2026-05-30,9,0,5.0,8.4,0.3293462964517185,0.4451521157198244,0.42308655999859784,0.4571569475318352,7.0,113.1,84.0
115523,14742,GP,2026-05-30,9,0,7.0,10.6,0.2812569402917684,0.332014121223611,0.1426256269549309,0.11536064346919911,13.0,113.7,77.0
115524,14742,GP,2026-05-30,9,0,8.0,12.3,0.2580080164659298,0.3385608484924265,0.2517445318061726,0.19932402566412188,16.0,113.1,72.0
115525,14742,GP,2026-05-30,9,0,9.0,31.0,0.14172142137246,0.2782568226798216,0.05531186452344307,0.08214175764296383,11.0,109.1,81.0
115526,14742,GP,2026-05-30,9,0,10.0,21.2,0.1828064004885548,0.3071368270775316,0.2988952000792889,0.4289905583191855,13.0,115.6,83.0
115527,14743,GP,2026-05-30,10,1,1.0,6.8,0.38906954420719,0.4357211632528923,0.430317117137568,0.40306234906173005,6.0,110.6,96.0
115528,14743,GP,2026-05-30,10,1,2.0,11.4,0.3003950641131604,0.5922659375843442,0.18872827231901432,0.4781895530977602,5.0,128.8,92.0
115529,14743,GP,2026-05-30,10,1,3.0,1.7,0.6987022288255865,0.6190395400704294,0.7495669065327737,0.7576874512142328,3.0,135.4,94.0
115530,14743,GP,2026-05-30,10,0,4.0,3.0,0.5788933725019411,0.5011374609263408,0.5981822286563074,0.5317030266246894,7.0,130.1,93.0
115531,14743,GP,2026-05-30,10,0,5.0,2.2,0.6615848462077535,0.7450495329709279,0.5723141459114128,0.7185140981709858,4.0,132.4,96.0
115532,14743,GP,2026-05-30,10,0,6.0,30.0,0.1491096675595383,0.2178281889094908,0.23059219887537966,0.2805488705319755,13.0,129.4,95.0
115533,14743,GP,2026-05-30,10,0,7.0,16.9,0.2322615947851411,0.4956770304629645,0.22380441941430332,0.3736713692347446,9.0,126.4,93.0
115534,14744,GP,2026-05-30,11,1,1.0,1.3,0.7295764603100534,0.5772301453856021,0.7338833619788108,0.6359148828541358,2.8,127.1,85.0
115535,14744,GP,2026-05-30,11,1,2.0,4.4,0.4804133648152792,0.418782495384263,0.6669872097461117,0.6486282924771132,7.0,121.8,89.0
115536,14744,GP,2026-05-30,11,1,3.0,19.5,0.2106302605633652,0.4628652537854783,0.12909831670438593,0.1477099569406053,21.0,114.6,83.0
115537,14744,GP,2026-05-30,11,0,4.0,18.2,0.2134865796905938,0.3435815514959456,0.1546398413829724,0.14717310774371115,13.0,114.0,79.0
115538,14744,GP,2026-05-30,11,0,5.0,3.7,0.5215560676661477,0.453067398315965,0.6986942700252077,0.4695618806611151,7.0,113.0,86.0
115539,14744,GP,2026-05-30,11,0,6.0,13.8,0.2625989009152953,0.5022331900696952,0.3568826638295215,0.5928406815441013,13.0,116.4,80.0
115540,14744,GP,2026-05-30,11,0,7.0,5.6,0.4299715586814129,0.4557421819023046,0.4932796019200356,0.6269450880821383,5.5,125.9,87.0
115541,14744,GP,2026-05-30,11,0,8.0,16.0,0.2307961525037796,0.3359084531186313,0.17404121851839263,0.12889442318352734,16.0,112.0,80.0
170003,22462,CT,2026-05-30,1,1,1.0,12.6,0.3035098807920736,0.1789250874894015,0.3203080419797698,0.17407605450034072,16.0,87.4,62.0
170004,22462,CT,2026-05-30,1,1,2.0,10.8,0.3400825374078665,0.2466308339085391,0.3312143703598003,0.28309973105875785,9.0,89.5,61.0
170005,22462,CT,2026-05-30,1,1,3.0,0.5,0.8812689580577394,0.5478037161733117,0.8849525667605395,0.7268488930322299,1.4,103.3,66.0
170006,22462,CT,2026-05-30,1,0,4.0,3.8,0.5916511162406103,0.3632030018468744,0.6669259934113063,0.5224618933957474,13.0,94.8,68.0
170007,22462,CT,2026-05-30,1,0,5.0,16.1,0.2663966263149739,0.2425913209352482,0.3351718082182516,0.3636657940463777,11.0,88.6,59.0
170008,22462,CT,2026-05-30,1,0,6.0,6.5,0.4459964874932141,0.176506007668625,0.5298793693180268,0.2979520098941731,4.5,88.6,66.0
170009,22462,CT,2026-05-30,1,0,7.0,67.2,0.1011319475141549,0.1670538375154679,0.14945556633166276,0.08782775881260213,31.0,85.4,58.0
170010,22463,CT,2026-05-30,2,1,1.0,25.4,0.185723280254758,0.4038023390144564,0.24319429409879922,0.48319795713177305,11.0,110.4,81.0
170011,22463,CT,2026-05-30,2,1,2.0,2.0,0.708976787637315,0.6444553332143381,0.771715343465739,0.794143363912176,4.5,115.6,77.0
170012,22463,CT,2026-05-30,2,1,3.0,25.2,0.1854993358884413,0.3793937771011603,0.18793576584266503,0.32996955806438494,16.0,108.5,78.0
170013,22463,CT,2026-05-30,2,0,4.0,14.2,0.2666766719541054,0.392641799114974,0.20484614375351393,0.23571165293491864,9.0,111.2,80.0
170014,22463,CT,2026-05-30,2,0,5.0,1.3,0.7735427459825843,0.6063637220331038,0.7564360732951382,0.6916412187148475,3.0,120.9,82.0
170015,22463,CT,2026-05-30,2,0,6.0,17.1,0.222408713369009,0.1689051364330385,0.226802845726177,0.1647523264297993,13.0,89.3,70.0
170016,22463,CT,2026-05-30,2,0,7.0,2.7,0.6419490385010772,0.5040256826584147,0.36462329276086647,0.23402140955140402,2.8,99.9,76.0
170017,22464,CT,2026-05-30,3,1,1.0,1.1,0.797579969605403,0.588920661679668,0.7653058872487258,0.6625868291703532,2.8,97.9,65.0
170018,22464,CT,2026-05-30,3,1,2.0,1.8,0.7222566977358638,0.5095449112864767,0.597260599606864,0.48261076454190044,3.0,96.6,
170019,22464,CT,2026-05-30,3,1,3.0,6.3,0.4405109280033719,0.4019043604600454,0.48444176572957653,0.32238781124445265,13.0,88.1,48.0
170020,22464,CT,2026-05-30,3,0,4.0,6.4,0.4456533125927222,0.5202571308871439,0.5719708144457939,0.6975710316373757,6.0,91.4,61.0
170021,22464,CT,2026-05-30,3,0,5.0,9.8,0.3507541050807152,0.5089321398371918,0.20345838398212163,0.24788359376847713,7.0,88.8,
170022,22464,CT,2026-05-30,3,0,6.0,29.3,0.1655806283134115,0.2285199180951144,0.11490444460013087,0.09792635513721894,21.0,83.3,49.0
170023,22465,CT,2026-05-30,4,1,1.0,4.6,0.4831855323450035,0.455088827355977,0.6054512839476947,0.5610181804739443,5.5,114.2,87.0
170024,22465,CT,2026-05-30,4,1,2.0,3.6,0.5490080786870554,0.5879334833083086,0.6587995920609963,0.7434868385426795,3.5,116.3,80.0
170025,22465,CT,2026-05-30,4,1,3.0,61.2,0.0889519833494185,0.110448924488084,0.0850071703878092,0.07341946173197741,16.0,104.4,77.0
170026,22465,CT,2026-05-30,4,0,4.0,6.5,0.4054940484893782,0.4472358696660936,0.3707604999207399,0.4617211733559929,5.5,115.3,81.0
170027,22465,CT,2026-05-30,4,0,5.0,65.8,0.0901698087879413,0.2382692230655839,0.061515098387089844,0.05752847743789569,31.0,103.0,71.0
170028,22465,CT,2026-05-30,4,0,6.0,5.3,0.4622486761138957,0.6036761885923757,0.3608358806176673,0.5406674848199384,4.0,115.9,79.0
170029,22465,CT,2026-05-30,4,0,7.0,25.5,0.1695523747961468,0.2309081735359156,0.20123513928963976,0.2110186926616043,16.0,102.5,70.0
170030,22465,CT,2026-05-30,4,0,8.0,1.1,0.7717026620120708,0.697894301054433,0.7559632283431515,0.7625367247155782,4.5,120.2,76.0
170031,22466,CT,2026-05-30,5,1,1.0,4.6,0.4610192467005465,0.4375805747787485,0.44174797530931,0.4693890246531766,6.0,109.4,77.0
170032,22466,CT,2026-05-30,5,1,2.0,6.7,0.3735473757017287,0.3267652529585858,0.4994596987414299,0.5210663699260252,13.0,108.1,75.0
170033,22466,CT,2026-05-30,5,1,3.0,6.1,0.3969659261117745,0.3823693211019827,0.5188474932160719,0.5372270700493469,5.5,105.8,75.0
170034,22466,CT,2026-05-30,5,0,4.0,1.2,0.715678365014645,0.3749140493267587,0.5489118306682762,0.3174431516738322,3.5,97.6,77.0
170035,22466,CT,2026-05-30,5,0,5.0,11.4,0.2836298962686955,0.4359657485642411,0.2890011661387034,0.33201683359481293,16.0,88.0,74.0
170036,22466,CT,2026-05-30,5,0,6.0,18.1,0.2092291313564398,0.3358773381222147,0.3562527694264246,0.590765495140061,7.0,107.1,75.0
170037,22466,CT,2026-05-30,5,0,7.0,7.7,0.3463758669574285,0.3279036212528116,0.30142295554530935,0.32796526474703375,4.5,105.7,71.0
170038,22466,CT,2026-05-30,5,0,8.0,29.0,0.1508937730652134,0.2520246150126409,0.0929978311288478,0.06728963544525687,21.0,100.6,72.0
170039,22466,CT,2026-05-30,5,0,9.0,21.9,0.1861748073580298,0.3483248045293074,0.23017402838252896,0.407835296911305,11.0,103.6,75.0
170040,22467,CT,2026-05-30,6,1,1.0,6.8,0.496556459209051,0.6826506981954087,0.5580151163836813,0.7958402535222227,4.0,113.6,71.0
170041,22467,CT,2026-05-30,6,1,2.0,24.5,0.2195495316164995,0.3046952752015397,0.11317697486607016,0.1355127894745228,9.0,105.3,72.0
170042,22467,CT,2026-05-30,6,1,3.0,10.7,0.3765043751329767,0.4688386360641559,0.40609784542723687,0.4816251577643962,5.0,108.4,68.0
170043,22467,CT,2026-05-30,6,0,4.0,0.3,0.9097536345659244,0.5436794678759885,0.9516249917005984,0.7531557188664079,3.5,118.5,79.0
170044,22467,CT,2026-05-30,6,0,5.0,28.2,0.201314505982346,0.31679554387734,0.1800854413512566,0.20772801134869584,16.0,105.7,73.0
170045,22467,CT,2026-05-30,6,0,6.0,11.0,0.3601422085803119,0.3262393159979767,0.5096882170019437,0.510696780668922,9.0,109.4,71.0
170046,22467,CT,2026-05-30,6,0,7.0,61.4,0.1161267666963032,0.2120435163263388,0.07545312324347936,0.06504359546282486,16.0,97.6,65.0
170047,22467,CT,2026-05-30,6,0,8.0,8.1,0.4253487943824707,0.3001036471044743,0.2130892192991951,0.18007827915927105,5.5,108.8,78.0
170048,22468,CT,2026-05-30,7,1,1.0,0.5,0.8786365733683437,0.4646579637267221,0.8173520605644504,0.4153106520366422,3.5,111.7,
170049,22468,CT,2026-05-30,7,1,2.0,5.8,0.4843856373090942,0.2414209448796592,0.43299630928100646,0.28202740200783666,5.5,105.4,61.0
170050,22468,CT,2026-05-30,7,1,3.0,33.7,0.1706476576206133,0.332934529829289,0.23445926375740753,0.3100599025429969,11.0,94.3,66.0
170051,22468,CT,2026-05-30,7,0,4.0,13.4,0.3095008379456199,0.3852420463334267,0.541384156661896,0.6276657533893631,7.0,99.0,66.0
170052,22468,CT,2026-05-30,7,0,5.0,19.9,0.2353841012258195,0.2701512360933127,0.2531966083019183,0.3191895905038537,7.0,99.6,59.0
170053,22468,CT,2026-05-30,7,0,6.0,3.2,0.640155397820984,0.4689154743495873,0.6917560263282668,0.4351770433537101,4.5,,
170054,22468,CT,2026-05-30,7,0,7.0,71.3,0.0930540501656692,0.0969643572624432,0.038814308890345414,0.023471149646856284,21.0,92.1,48.0
170055,22468,CT,2026-05-30,7,0,8.0,40.8,0.1435611830416149,0.1942324309296366,0.07723888430600981,0.07706324669820035,13.0,89.3,
170056,22468,CT,2026-05-30,7,0,9.0,120.7,0.0666668223692835,0.1471939916742918,0.04434064835464897,0.07062802184498217,21.0,89.3,51.0
170057,22468,CT,2026-05-30,7,0,10.0,101.7,0.0753910124977151,0.1530765199095703,0.049152793057431726,0.04208543018720299,21.0,81.0,30.0
170058,22469,CT,2026-05-30,8,1,1.0,0.8,0.8092788733850136,0.4483065326237093,0.7969251904196725,0.5239271881485733,4.0,127.5,82.0
170059,22469,CT,2026-05-30,8,1,2.0,25.7,0.170166985552894,0.1381790524727971,0.08191637200070206,0.05017347453523589,11.0,113.3,79.0
170060,22469,CT,2026-05-30,8,1,3.0,26.7,0.1753268427371375,0.2783262966987899,0.1067786447433657,0.16743906709344622,13.0,119.9,89.0
170061,22469,CT,2026-05-30,8,0,4.0,30.3,0.159451299632395,0.2402822718836819,0.11333045445587658,0.10445696823982425,9.0,114.2,98.0
170062,22469,CT,2026-05-30,8,0,5.0,60.1,0.0953838487946703,0.1230640230887719,0.028391947358789044,0.013504992403830981,21.0,111.1,75.0
170063,22469,CT,2026-05-30,8,0,6.0,73.5,0.0839469268639477,0.1412454763393312,0.03306658187269185,0.04213640247346129,13.0,113.7,91.0
170064,22469,CT,2026-05-30,8,0,7.0,5.4,0.4538106359362369,0.2928371354252612,0.47508080529370006,0.3164215406649253,5.5,124.8,81.0
170065,22469,CT,2026-05-30,8,0,8.0,5.0,0.4651278677198387,0.2268144870609144,0.3018898686480077,0.12466690803249494,6.0,119.1,83.0
170066,22469,CT,2026-05-30,8,0,9.0,4.0,0.523924189680468,0.3016109887953825,0.364802770099079,0.19103481104473974,5.0,121.6,87.0
170067,22469,CT,2026-05-30,8,0,10.0,45.5,0.1217767149397767,0.2417887016337134,0.04374063395320702,0.07385876649949769,13.0,118.1,82.0
170068,22470,CT,2026-05-30,9,1,1.0,1.7,0.673079963793507,0.3773585987269642,0.7814100681156656,0.5569211004882075,2.8,119.8,88.0
170069,22470,CT,2026-05-30,9,1,2.0,6.4,0.3794446335718044,0.2223786547137516,0.2894312389391616,0.15491533636426857,9.0,114.7,81.0
170070,22470,CT,2026-05-30,9,1,3.0,13.7,0.2469453263822895,0.2686301670438054,0.17038395841291396,0.20671932338569032,9.0,113.8,82.0
170071,22470,CT,2026-05-30,9,0,4.0,34.7,0.1317172899967931,0.1771041406346012,0.05775437888450583,0.017328803834232964,31.0,110.5,83.0
170072,22470,CT,2026-05-30,9,0,5.0,24.2,0.1727045378569095,0.2696120395623092,0.0984240872740922,0.060729537380618516,21.0,115.3,78.0
170073,22470,CT,2026-05-30,9,0,6.0,3.9,0.5157079817408597,0.5478379438535804,0.6489977322268726,0.7370335667305038,5.5,124.3,83.0
170074,22470,CT,2026-05-30,9,0,7.0,23.9,0.1734433546512096,0.2578374684108093,0.10108492104242787,0.0905553213606092,16.0,108.2,74.0
170075,22470,CT,2026-05-30,9,0,8.0,2.1,0.6552082951021629,0.6741181014113725,0.7535646487510862,0.6842954299300785,7.0,119.2,80.0
170076,22470,CT,2026-05-30,9,0,9.0,45.5,0.1155796431971413,0.3164114984738014,0.11104718345101736,0.15623271047061288,13.0,110.7,81.0
115542,14745,GP,2026-05-31,1,1,1.0,2.3,0.7100457321445088,0.7780015935592776,0.6567428516545949,0.7224523932991562,2.8,121.1,85.0
115543,14745,GP,2026-05-31,1,1,2.0,3.9,0.5791412166184591,0.6586080447489431,0.6248537787368392,0.805216741829784,4.0,120.1,79.0
115544,14745,GP,2026-05-31,1,1,3.0,1.2,0.8125508235168353,0.7891917271555644,0.8003488378969468,0.8720636451232776,3.0,124.9,84.0
115545,14745,GP,2026-05-31,1,0,4.0,3.4,0.619194576062605,0.7208116676443633,0.4353143568716289,0.5151079846999398,6.0,118.7,84.0
115546,14745,GP,2026-05-31,1,0,5.0,36.0,0.1374754148483949,0.1246653607644157,0.1589055712619388,0.09272962591965,21.0,107.4,78.0
115547,14746,GP,2026-05-31,2,1,1.0,2.3,0.6471899005199401,0.671644494765065,0.6600417698559026,0.7535239152955194,9.0,121.4,81.0
115548,14746,GP,2026-05-31,2,1,2.0,2.6,0.6159685866459169,0.5886233886376598,0.589355882304369,0.5978913608473181,3.5,118.2,87.0
115549,14746,GP,2026-05-31,2,1,3.0,9.7,0.3172160615173714,0.4124265171603477,0.21247298869081255,0.31379833069530355,7.0,116.1,90.0
115550,14746,GP,2026-05-31,2,0,4.0,6.9,0.3797184086061146,0.3571109688442321,0.18299963632194685,0.1813625984887648,,100.5,67.0
115551,14746,GP,2026-05-31,2,0,5.0,1.9,0.6733099407714039,0.5253881849306402,0.6188531235198392,0.5910486061577596,3.0,122.0,83.0
115552,14746,GP,2026-05-31,2,0,6.0,11.7,0.2859299108354603,0.4383437879993707,0.184215452761734,0.2721380932727063,13.0,113.5,82.0
115553,14747,GP,2026-05-31,3,0,,0.5,0.9999999986272968,0.8253457003221302,0.999999007853335,0.875419463454985,3.0,129.2,88.0
115554,14747,GP,2026-05-31,3,1,2.0,3.6,0.999999998518904,0.6328624045811188,0.9999990864755685,0.5392352213651767,13.0,123.6,82.0
115555,14747,GP,2026-05-31,3,1,3.0,1.9,0.999999998441322,0.4668104610493179,0.9999988491495277,0.44097170425343646,6.0,126.3,91.0
115556,14748,GP,2026-05-31,4,1,1.0,5.4,0.4520533964564737,0.4679583956761304,0.3357851862085925,0.4224355597330821,4.0,113.7,85.0
115557,14748,GP,2026-05-31,4,1,2.0,4.0,0.5061584642986919,0.2923434383404162,0.46075890822006865,0.36044244938604103,5.0,117.8,85.0
115558,14748,GP,2026-05-31,4,1,3.0,10.1,0.3211449884061126,0.4491301585196422,0.44625947359112056,0.5160225925595342,11.0,113.9,84.0
115559,14748,GP,2026-05-31,4,0,4.0,6.2,0.4195928268157323,0.4439994581948783,0.609022946155091,0.6398048918904816,6.0,116.3,87.0
115560,14748,GP,2026-05-31,4,0,5.0,1.1,0.761116314667438,0.4431287616105615,0.7815585936576573,0.5741142946834179,3.0,120.4,93.0
115561,14748,GP,2026-05-31,4,0,6.0,5.6,0.4334550466904855,0.3338483550783914,0.3835875965562574,0.18299140167652356,21.0,112.5,84.0
115562,14749,GP,2026-05-31,5,1,1.0,1.2,0.7488741423446994,0.6380402779047682,0.6741499893988391,0.6171063331092255,4.5,114.8,75.0
115563,14749,GP,2026-05-31,5,1,2.0,4.1,0.495196661674405,0.3561202033882749,0.4612510365890417,0.1958756619611376,7.0,96.7,44.0
115564,14749,GP,2026-05-31,5,1,3.0,3.4,0.5338868682631615,0.3194048911844525,0.34931994140203354,0.2223563073334267,7.0,115.8,72.0
115565,14749,GP,2026-05-31,5,0,4.0,16.5,0.2236944926141876,0.2694231007005065,0.1327821381056918,0.07934770249774607,21.0,96.7,
115566,14749,GP,2026-05-31,5,0,5.0,14.9,0.2432696323818078,0.346296964333996,0.3074614342197428,0.33385202855894835,21.0,104.0,77.0
115567,14749,GP,2026-05-31,5,0,6.0,18.6,0.2108365514591277,0.3247796936035956,0.18214226164650246,0.2534939843719918,13.0,,
115568,14749,GP,2026-05-31,5,0,7.0,6.0,0.4170764710416652,0.4416724255557646,0.48902984847244624,0.5459707286652178,11.0,104.1,64.0
115569,14749,GP,2026-05-31,5,0,8.0,27.6,0.1610005917136092,0.2666442228728811,0.05504301597110071,0.020954581184273176,31.0,94.8,45.0
115570,14750,GP,2026-05-31,6,1,1.0,6.2,0.4666500083198506,0.6017327355169031,0.41981299328681115,0.49687001012602316,11.0,126.3,91.0
115571,14750,GP,2026-05-31,6,1,2.0,2.3,0.7007621913012628,0.693902798958319,0.8006919790504485,0.8793457135668357,2.8,128.0,98.0
115572,14750,GP,2026-05-31,6,1,3.0,5.8,0.4890884686457473,0.6755900290760967,0.45925218042564353,0.6303123950808825,4.5,126.2,92.0
115573,14750,GP,2026-05-31,6,0,4.0,0.9,0.8380508307457006,0.778611688944896,0.9189804398640132,0.9333385531112004,3.0,128.0,104.0
115574,14750,GP,2026-05-31,6,0,5.0,7.8,0.3930078908644566,0.3385506211422676,0.3632142605106684,0.3096267462775115,9.0,127.7,94.0
115575,14751,GP,2026-05-31,7,1,1.0,1.1,0.7568248238320899,0.4532936567735292,0.6453641616443194,0.42690970115910526,2.4,128.4,91.0
115576,14751,GP,2026-05-31,7,1,2.0,4.5,0.4862099893569687,0.4179138216872429,0.5353388615986897,0.4697543107163474,13.0,122.7,92.0
115577,14751,GP,2026-05-31,7,1,3.0,12.7,0.2774562454032275,0.4237562296896314,0.3652017750389897,0.5020899576871224,9.0,122.3,90.0
115578,14751,GP,2026-05-31,7,0,4.0,4.1,0.5169290275826688,0.5452072648538445,0.7504534065196443,0.8236457459662118,6.0,123.3,85.0
115579,14751,GP,2026-05-31,7,0,5.0,9.9,0.3150867689123809,0.3386621538638945,0.4194081296922777,0.37903424825019455,9.0,120.4,81.0
115580,14751,GP,2026-05-31,7,0,6.0,55.7,0.1063642255846218,0.3821490039932856,0.12072592504452,0.2302289208533212,21.0,114.9,81.0
115581,14751,GP,2026-05-31,7,0,7.0,38.0,0.1381766150560993,0.4029630366792028,0.1597857810144372,0.2840076890586877,16.0,116.9,84.0
115582,14751,GP,2026-05-31,7,0,8.0,5.5,0.4456497729321688,0.4789399855659002,0.49517573360103473,0.5282813852786883,3.5,122.6,84.0
115583,14752,GP,2026-05-31,8,1,1.0,0.5,0.8730340532489904,0.527165822459058,0.8787659365914491,0.6902541695287517,3.0,122.4,88.0
115584,14752,GP,2026-05-31,8,1,2.0,8.7,0.3924021684548485,0.433614050201396,0.4596107687736669,0.5348610328139962,9.0,114.0,84.0
115585,14752,GP,2026-05-31,8,1,3.0,5.7,0.4784952928143867,0.3014584709362248,0.3272162670556036,0.20154043814962347,2.8,113.5,82.0
115586,14752,GP,2026-05-31,8,0,4.0,13.7,0.2844180026348264,0.1994024985596875,0.33797483970445125,0.1393826270531197,21.0,112.2,84.0
115587,14752,GP,2026-05-31,8,0,5.0,12.6,0.3106056821545083,0.335905964123359,0.5679197525703488,0.4959098325357598,16.0,117.0,81.0
115588,14752,GP,2026-05-31,8,0,6.0,6.0,0.4742057594816767,0.394794282066074,0.5776636933963768,0.58372709306191,5.0,114.6,88.0
115589,14752,GP,2026-05-31,8,0,7.0,29.9,0.1751318031885649,0.2278700988885386,0.066014144522067,0.058708542068829195,13.0,109.2,83.0
115590,14753,GP,2026-05-31,9,1,1.0,1.0,0.7639788212373723,0.4122462355529248,0.733869937262547,0.5342643563785617,3.0,113.1,82.0
115591,14753,GP,2026-05-31,9,1,2.0,4.5,0.4686701056632395,0.225088342859106,0.3865161755882013,0.1893329592239628,11.0,103.2,78.0
115592,14753,GP,2026-05-31,9,1,3.0,4.5,0.4881303037592023,0.4498443805984857,0.558632227175783,0.5828489565247404,5.5,102.9,67.0
115593,14753,GP,2026-05-31,9,0,4.0,12.5,0.2715193261070538,0.2883510031761861,0.12755121217481902,0.09945311065366401,9.0,103.3,65.0
115594,14753,GP,2026-05-31,9,0,5.0,14.7,0.2481668056013125,0.319872681369854,0.2620223803916708,0.3403730648721028,9.0,93.2,71.0
115595,14753,GP,2026-05-31,9,0,6.0,8.5,0.3467176098597496,0.3729967625245061,0.42868556434538363,0.5168407838907574,7.0,101.7,83.0
115596,14753,GP,2026-05-31,9,0,7.0,11.6,0.2886481784115776,0.3550796906910458,0.18252416846158995,0.2675828443760824,6.0,106.1,69.0
115597,14753,GP,2026-05-31,9,0,8.0,55.9,0.0991543408980944,0.1805291496971252,0.10315941540336096,0.06335442637601031,31.0,96.8,64.0
115598,14753,GP,2026-05-31,9,0,9.0,61.6,0.0942018646738208,0.2156845125104104,0.056567922243437346,0.03284437477446664,31.0,91.7,54.0
115662,14763,GP,2026-06-06,1,1,1.0,1.9,0.6643229887816745,0.4860593458663553,0.671774344426656,0.594467045605831,5.0,113.3,81.0
115663,14763,GP,2026-06-06,1,1,2.0,1.4,0.7060866550814637,0.3428527419266244,0.7121743977828405,0.39730720336255343,,116.4,82.0
115664,14763,GP,2026-06-06,1,1,3.0,40.9,0.112067842137912,0.0651656653013597,0.1216362302094529,0.03659240052870787,21.0,99.4,61.0
115665,14763,GP,2026-06-06,1,0,4.0,17.2,0.2183789148662161,0.251264950830376,0.21478534243157474,0.2096406016562121,11.0,105.8,71.0
115666,14763,GP,2026-06-06,1,0,5.0,70.7,0.0748084449751075,0.0444967359069529,0.06719258184337872,0.003185720602246948,51.0,92.0,85.0
115667,14763,GP,2026-06-06,1,0,6.0,39.9,0.1189813687185177,0.1174726455440287,0.10283800493797203,0.03722274309343892,21.0,97.4,84.0
115668,14763,GP,2026-06-06,1,0,7.0,11.0,0.2837867591256078,0.2127754096922967,0.27481148378290426,0.18659721194908815,9.0,104.6,64.0
115669,14763,GP,2026-06-06,1,0,8.0,31.6,0.1333903041495204,0.0653864881866916,0.07477600763169148,0.01089185022553026,21.0,82.3,42.0
115670,14763,GP,2026-06-06,1,0,9.0,10.0,0.2924082773106419,0.1401875086936696,0.22940929307010036,0.08515423754993069,11.0,102.3,69.0
115671,14763,GP,2026-06-06,1,0,10.0,10.7,0.292619337390537,0.2603334570596005,0.3192085621806735,0.2758452801687717,5.5,106.6,69.0
115672,14763,GP,2026-06-06,1,0,11.0,31.8,0.1416221404841537,0.1579055945679961,0.11299794689474367,0.1009715377135232,13.0,103.6,64.0
115673,14763,GP,2026-06-06,1,0,12.0,39.0,0.1288619757433812,0.2611308902587046,0.043971638342368016,0.03289320301213476,21.0,92.0,54.0
115674,14764,GP,2026-06-06,2,1,1.0,5.0,0.4680328343096369,0.4163631291295606,0.380299043420001,0.36520341125722,5.0,,
115675,14764,GP,2026-06-06,2,1,2.0,20.9,0.2113259919863484,0.5444078455356548,0.12115795687888163,0.32241707150992976,11.0,128.5,
115676,14764,GP,2026-06-06,2,1,3.0,2.6,0.6295036126062433,0.5147362299004316,0.41836093381329065,0.346020664835066,3.0,,
115677,14764,GP,2026-06-06,2,0,4.0,2.2,0.6737646762791483,0.6585273185303666,0.624707421937252,0.7001071562299979,4.5,125.3,76.0
115678,14764,GP,2026-06-06,2,0,5.0,1.7,0.7232950152660346,0.6981353357652249,0.7756873286831368,0.8265727481917521,3.5,128.5,81.0
115679,14764,GP,2026-06-06,2,0,6.0,19.7,0.2176457081450862,0.5128491309886554,0.1209566060398031,0.3083225934720721,11.0,,
115680,14765,GP,2026-06-06,3,1,1.0,4.9,0.5429600458656673,0.3799631441667523,0.37623073251604816,0.17001031274995562,13.0,107.8,80.0
115681,14765,GP,2026-06-06,3,1,2.0,7.7,0.4292896093087006,0.3218449527219038,0.5341808076500859,0.45471497570913144,9.0,109.4,76.0
115682,14765,GP,2026-06-06,3,1,3.0,0.4,0.902351266604178,0.7288782473233826,0.923380711669724,0.8773203359303289,2.2,117.0,84.0
115683,14765,GP,2026-06-06,3,0,4.0,19.5,0.2560542240773851,0.4658603512784356,0.250341404781339,0.3528237506464693,16.0,105.4,74.0
115684,14765,GP,2026-06-06,3,0,5.0,6.5,0.4728122028255178,0.3570446193844341,0.6266588519874242,0.667520318412114,4.5,111.2,94.0
115685,14765,GP,2026-06-06,3,0,6.0,21.4,0.2182711801659862,0.1311648112903458,0.2833203959787479,0.10427141983014185,21.0,102.3,83.0
115686,14765,GP,2026-06-06,3,0,7.0,33.8,0.1747374605122451,0.3386903046630835,0.1945841701471704,0.22170401866129777,21.0,105.7,77.0
115687,14766,GP,2026-06-06,4,1,1.0,1.3,0.73367124563905,0.4129548498337916,0.6076913975622805,0.4159936448472518,2.8,115.0,76.0
115688,14766,GP,2026-06-06,4,1,2.0,7.0,0.3900384960697017,0.4120135877081796,0.6209040206763722,0.6271669224819384,11.0,109.6,78.0
115689,14766,GP,2026-06-06,4,1,3.0,2.2,0.6447085204658108,0.4322813532534161,0.6758264334406228,0.5893678445323954,3.0,113.6,80.0
115690,14766,GP,2026-06-06,4,0,4.0,23.6,0.1751253721836929,0.1697298695160495,0.09800175850059623,0.08642058454884168,9.0,107.1,68.0
115691,14766,GP,2026-06-06,4,0,5.0,5.4,0.4421476957960458,0.3479457053957224,0.5378803225787844,0.5132704001216845,5.0,111.2,86.0
115692,14766,GP,2026-06-06,4,0,6.0,11.0,0.2960293650957598,0.3252437415548269,0.21344495770065364,0.19929178339889245,11.0,108.0,75.0
115693,14766,GP,2026-06-06,4,0,7.0,19.8,0.210177682218855,0.3933451385069429,0.15507039843844514,0.3022241878513807,,106.0,67.0
115694,14766,GP,2026-06-06,4,0,8.0,43.4,0.1200893436186209,0.2326520523982785,0.10079893166232967,0.11640633843097141,21.0,103.1,77.0
115695,14767,GP,2026-06-06,5,1,1.0,2.4,0.600831841836966,0.494377315400705,0.7682567353459583,0.7227749541777286,4.0,108.7,78.0
115696,14767,GP,2026-06-06,5,1,2.0,5.9,0.4009224606163806,0.4113899530501675,0.18960119428300792,0.18296983217499566,7.0,104.7,
115697,14767,GP,2026-06-06,5,1,3.0,2.6,0.5851785590770711,0.5052240695926606,0.6564852414489865,0.613844961221647,9.0,113.0,75.0
115698,14767,GP,2026-06-06,5,0,4.0,3.2,0.5314316785662815,0.3798788439645953,0.4245666324994919,0.4179976441238855,5.5,114.6,77.0
115699,14767,GP,2026-06-06,5,0,5.0,9.7,0.3061989945076576,0.4250122032021781,0.3582448368342147,0.5668496572211567,7.0,107.0,83.0
115700,14767,GP,2026-06-06,5,0,6.0,24.3,0.1696000067087547,0.3090309636795394,0.10733896194904242,0.1550180595541802,11.0,98.7,61.0
115701,14767,GP,2026-06-06,5,0,7.0,6.8,0.3857831090404962,0.603500225964389,0.23464370206049717,0.40671729058892475,5.0,105.2,70.0
115702,14768,GP,2026-06-06,6,1,1.0,1.4,0.7203344993840176,0.3866648659631275,0.5525177945149196,0.3145277177240231,3.0,114.1,87.0
115703,14768,GP,2026-06-06,6,1,2.0,5.4,0.4401287271286207,0.393263957187348,0.36326514792193215,0.30177105014348693,6.0,110.8,91.0
115704,14768,GP,2026-06-06,6,1,3.0,3.9,0.5330208473520616,0.6304539611027578,0.3908242260353049,0.4600334981010095,5.0,113.3,85.0
115705,14768,GP,2026-06-06,6,0,4.0,3.0,0.5855950202509171,0.5446039792421488,0.5153094345630563,0.5292241239548026,3.5,113.8,78.0
115706,14768,GP,2026-06-06,6,0,5.0,5.5,0.4392090889390247,0.4349358799961738,0.5589695241601186,0.5220651342998706,9.0,113.9,75.0
115707,14768,GP,2026-06-06,6,0,6.0,25.7,0.1635968014905097,0.168560883390527,0.11672197537799459,0.046027946554174595,21.0,102.6,69.0
115708,14769,GP,2026-06-06,7,1,1.0,2.7,0.5817174031668509,0.3350153060783935,0.46274004091528836,0.2923125721548813,5.0,,
115709,14769,GP,2026-06-06,7,1,2.0,7.4,0.3750658200444678,0.5145462640911616,0.43844930055821296,0.5786964436965156,9.0,,
115710,14769,GP,2026-06-06,7,1,3.0,4.3,0.4909708029758103,0.4865108884434271,0.43428446275283145,0.5085914125393344,4.5,,
115711,14769,GP,2026-06-06,7,0,4.0,1.5,0.7028436741692158,0.4731548881404819,0.5855542104871606,0.4268092821232368,3.5,,
115712,14769,GP,2026-06-06,7,0,5.0,6.8,0.3929060040603203,0.5208477182309316,0.330120216002783,0.45503467602533093,4.0,,
115713,14769,GP,2026-06-06,7,0,6.0,49.9,0.1065105025677108,0.237127733452121,0.06723532760977916,0.0995637705877388,21.0,,
115714,14769,GP,2026-06-06,7,0,7.0,43.6,0.1135970066186239,0.1724402508368414,0.1129509881294733,0.12275766507811377,21.0,,
115715,14769,GP,2026-06-06,7,0,8.0,13.9,0.2508452047008254,0.335021578959614,0.20882943418143263,0.17512974083543273,21.0,,
115716,14770,GP,2026-06-06,8,1,1.0,2.9,0.5516531606261759,0.3477313032906506,0.732798638399081,0.6606575082763063,4.5,129.0,85.0
115717,14770,GP,2026-06-06,8,1,2.0,3.7,0.5085742459089663,0.4836502040992627,0.5808197083399078,0.5540840531546326,7.0,125.7,82.0
115718,14770,GP,2026-06-06,8,1,3.0,4.3,0.4654319982669602,0.3576991253579126,0.41574799198334844,0.2830084268866235,9.0,125.8,87.0
115719,14770,GP,2026-06-06,8,0,4.0,3.5,0.5278049321761884,0.5747516195660893,0.5677001782384687,0.6512364843723594,3.5,124.6,82.0
115720,14770,GP,2026-06-06,8,0,5.0,2.6,0.5738314435629059,0.3326573890233036,0.4578125638359849,0.20613669386890493,5.5,121.4,86.0
115721,14770,GP,2026-06-06,8,0,6.0,27.1,0.1581674859998073,0.3093525824083209,0.12178495447348049,0.1447842919768283,21.0,117.9,80.0
115722,14770,GP,2026-06-06,8,0,7.0,36.9,0.1286371112177746,0.2969281176979761,0.0904087360387248,0.08841691146216657,21.0,119.3,74.0
115723,14771,GP,2026-06-06,9,1,1.0,4.3,0.4356556421156192,0.2642603369311287,0.5822404929530647,0.36531199980440593,11.0,117.2,82.0
115724,14771,GP,2026-06-06,9,1,2.0,4.6,0.4413022580624637,0.5090262873380128,0.45344115615409336,0.5364087415830655,9.0,120.7,83.0
115725,14771,GP,2026-06-06,9,1,3.0,8.2,0.320762370607966,0.4017507007693716,0.43255949002781563,0.37366039719081323,13.0,116.5,88.0
115726,14771,GP,2026-06-06,9,0,4.0,5.3,0.3923814889142009,0.2586199192021914,0.6667472090431552,0.46092522181062234,13.0,121.2,89.0
115727,14771,GP,2026-06-06,9,0,5.0,60.5,0.0827112693950674,0.1427835967973445,0.04407810588728654,0.03400165540073966,21.0,106.6,86.0
115728,14771,GP,2026-06-06,9,0,6.0,13.9,0.2351074788631343,0.3853137110158165,0.09858869371891037,0.09272642095338349,11.0,114.0,76.0
115729,14771,GP,2026-06-06,9,0,7.0,5.0,0.4151933367498673,0.3902827027747398,0.6494935417589935,0.7033870504322729,,122.4,88.0
115730,14771,GP,2026-06-06,9,0,8.0,74.5,0.0740724515010669,0.2120180956686354,0.06642791577178968,0.03750554157016438,31.0,111.8,79.0
115731,14771,GP,2026-06-06,9,0,9.0,2.7,0.5337556369102877,0.2739848098160857,0.5204868171306996,0.29245184258013285,3.0,119.4,84.0
115732,14771,GP,2026-06-06,9,0,10.0,19.8,0.1704563292347051,0.1055966457075895,0.43427637683886083,0.1689502960522598,21.0,112.1,83.0
115733,14772,GP,2026-06-06,10,1,1.0,3.8,0.498902383235218,0.534619637208645,0.5819294227939865,0.7363082622419577,4.0,133.5,96.0
115734,14772,GP,2026-06-06,10,1,2.0,5.1,0.4539087821289264,0.7566124886653741,0.3930448608494876,0.7056792197223741,6.0,123.8,97.0
115735,14772,GP,2026-06-06,10,1,3.0,11.4,0.2638535370755462,0.252886500386674,0.2699566846565756,0.19967343573722265,11.0,126.1,94.0
115736,14772,GP,2026-06-06,10,0,4.0,4.0,0.4902946410496645,0.5679653924095845,0.5248547218908561,0.6602117651776948,5.0,129.3,96.0
115737,14772,GP,2026-06-06,10,0,5.0,12.9,0.253823661160093,0.3883401507763909,0.27736173083097704,0.3577012221685222,16.0,131.6,90.0
115738,14772,GP,2026-06-06,10,0,6.0,4.9,0.4216472005196047,0.2563488612002046,0.4179679109523074,0.32110755383163825,4.5,132.9,93.0
115739,14772,GP,2026-06-06,10,0,7.0,2.1,0.6442846906838657,0.7996888960878002,0.5914289465644199,0.7806899426345387,3.5,138.2,98.0
115740,14773,GP,2026-06-06,11,1,1.0,6.8,0.3708250873835937,0.2315082354895728,0.3718175644863529,0.1886820600359391,13.0,124.6,80.0
115741,14773,GP,2026-06-06,11,1,2.0,1.3,0.7189830033050489,0.4102922586204097,0.7020318371089244,0.43940793512656107,5.0,127.6,90.0
115742,14773,GP,2026-06-06,11,1,3.0,6.3,0.3924702713603239,0.2953289963248291,0.5168204749643482,0.3465068687484577,6.0,126.2,87.0
115743,14773,GP,2026-06-06,11,0,4.0,14.7,0.2287892705613849,0.1496152167002462,0.23287562290772604,0.14451459704301609,7.0,119.5,79.0
115744,14773,GP,2026-06-06,11,0,5.0,7.7,0.3604027866251081,0.4091798344957212,0.42136640397163616,0.45367501713776975,5.5,119.8,85.0
115745,14773,GP,2026-06-06,11,0,6.0,30.4,0.1449433957168199,0.1723721166902564,0.13159947950288878,0.07334248673580934,16.0,115.5,81.0
115746,14773,GP,2026-06-06,11,0,7.0,48.5,0.1013054100700469,0.0960524361486773,0.13681836637848221,0.05739614568544531,21.0,117.7,81.0
115747,14773,GP,2026-06-06,11,0,8.0,2.9,0.5665201971878872,0.3512452763888801,0.7508217544054538,0.5318830322378293,4.0,122.2,84.0
115748,14773,GP,2026-06-06,11,0,9.0,31.7,0.1401697369098777,0.1599365338267674,0.04596916431117704,0.023557195548114668,13.0,117.6,74.0
170218,22489,CT,2026-06-06,1,1,1.0,5.3,0.6009431070627804,0.2659826073605785,0.4995803357278841,0.26995321485345386,4.0,106.2,71.0
170219,22489,CT,2026-06-06,1,1,2.0,0.2,0.9478199770030644,0.5670307094568401,0.9593911061726524,0.7479320810822402,1.6,118.6,81.0
170220,22489,CT,2026-06-06,1,1,3.0,32.6,0.2133683241092684,0.2959473470951023,0.11525696475184916,0.08128018858081505,21.0,92.5,76.0
170221,22489,CT,2026-06-06,1,0,4.0,10.0,0.4626997838473284,0.547225991059323,0.5450274418733924,0.6284143222409347,11.0,103.8,77.0
170222,22489,CT,2026-06-06,1,0,5.0,55.8,0.1425629765554486,0.1647620177828102,0.12877402672615682,0.05402423543594915,31.0,95.8,71.0
170223,22489,CT,2026-06-06,1,0,6.0,37.2,0.1962054183578379,0.3035376912769972,0.23587291817879932,0.2807478183649135,16.0,92.7,52.0
170224,22489,CT,2026-06-06,1,0,7.0,10.1,0.4485885318857099,0.3941393058000742,0.367778088709026,0.3658558757153598,6.0,106.8,75.0
170225,22490,CT,2026-06-06,2,1,1.0,3.9,0.562218069658752,0.5613514765528681,0.5512962152334301,0.5920455095728324,4.0,94.8,64.0
170226,22490,CT,2026-06-06,2,1,2.0,1.6,0.7425841675026184,0.5625738908221312,0.8324901195378384,0.7807655817806795,2.8,97.2,69.0
170227,22490,CT,2026-06-06,2,1,3.0,14.3,0.2819728566031336,0.6255813355890546,0.2851892038369179,0.4642064009891698,13.0,86.2,55.0
170228,22490,CT,2026-06-06,2,0,4.0,6.0,0.4545810587799241,0.5602887912106335,0.5575306571226184,0.6706380222811794,,92.4,64.0
170229,22490,CT,2026-06-06,2,0,5.0,48.0,0.1182781662755425,0.2678209486020124,0.13570856705729267,0.21339687644834246,16.0,82.2,60.0
170230,22490,CT,2026-06-06,2,0,6.0,1.4,0.7703505547018495,0.6921505716851871,0.7853670901744667,0.7674060182715493,3.5,95.1,55.0
170231,22491,CT,2026-06-06,3,1,1.0,11.3,0.2929505432249582,0.366425557659063,0.28197537417920876,0.36144449132569434,7.0,104.1,66.0
170232,22491,CT,2026-06-06,3,1,2.0,2.3,0.6484639811010483,0.4962774032690368,0.5101158762038387,0.4191322571451931,2.8,103.5,68.0
170233,22491,CT,2026-06-06,3,1,3.0,30.9,0.1517881487117524,0.2717102187013294,0.12276564944584137,0.20076995058207955,9.0,92.6,63.0
170234,22491,CT,2026-06-06,3,0,4.0,2.2,0.6641821682840793,0.5991376430722106,0.6269634859466202,0.5244280171901728,3.5,102.7,65.0
170235,22491,CT,2026-06-06,3,0,5.0,23.8,0.1675707884808178,0.1065527754109127,0.11656941464959907,0.049643045586888146,21.0,92.8,81.0
170236,22491,CT,2026-06-06,3,0,6.0,1.7,0.7012201753529056,0.4525188575140483,0.6843668160556408,0.49105327588377207,5.5,100.6,69.0
170237,22491,CT,2026-06-06,3,0,7.0,12.4,0.2708147605280205,0.2747134395531175,0.21738805911653977,0.16037951264684314,13.0,94.2,62.0
170238,22491,CT,2026-06-06,3,0,8.0,62.3,0.0926604473605889,0.2106444544187058,0.0618945465789572,0.12664916497455017,16.0,93.1,66.0
170239,22492,CT,2026-06-06,4,1,1.0,5.7,0.4511358843312709,0.5165482270522037,0.5444796334385351,0.6637992828547239,4.5,95.0,79.0
170240,22492,CT,2026-06-06,4,1,2.0,1.6,0.7296325224458622,0.5838798890633424,0.8145181632134302,0.8073679498565572,2.8,104.5,70.0
170241,22492,CT,2026-06-06,4,1,3.0,3.6,0.5640308739836717,0.5393489619423134,0.7036770329612951,0.7203826771588779,5.5,94.3,61.0
170242,22492,CT,2026-06-06,4,0,4.0,50.9,0.1084774943414171,0.2088413453755234,0.046509436594157856,0.050509755805970946,21.0,82.7,39.0
170243,22492,CT,2026-06-06,4,0,5.0,1.7,0.7153323032820837,0.5140609331106535,0.7069323295175968,0.6916278160147346,3.0,102.7,86.0
170244,22492,CT,2026-06-06,4,0,6.0,56.2,0.1047508527424287,0.298986968644522,0.09726406062193317,0.18765381573020437,21.0,85.4,50.0
170245,22492,CT,2026-06-06,4,0,7.0,13.4,0.2710485434439714,0.3841034405888059,0.2889053746872895,0.323676913229824,13.0,89.3,37.0
170246,22493,CT,2026-06-06,5,1,1.0,2.7,0.5613911288568787,0.3452212096944675,0.5551484075345424,0.4391464257634381,7.0,111.1,90.0
170247,22493,CT,2026-06-06,5,1,2.0,26.8,0.1485622605165369,0.1398249360806673,0.11856006268505685,0.06520693691985163,16.0,104.2,84.0
170248,22493,CT,2026-06-06,5,1,3.0,3.5,0.511133649531558,0.4085034738875625,0.6712767141159274,0.667131102188265,4.0,111.0,82.0
170249,22493,CT,2026-06-06,5,0,4.0,9.9,0.2917940528349155,0.2885141082031572,0.24935661001360085,0.2134357795143094,11.0,107.7,77.0
170250,22493,CT,2026-06-06,5,0,5.0,2.0,0.6137547298328666,0.2545017969110549,0.483844366436035,0.2763531204140048,4.5,113.4,78.0
170251,22493,CT,2026-06-06,5,0,6.0,16.5,0.215054847036729,0.2988041105304103,0.3317015431011089,0.4982145262396516,5.0,104.6,82.0
170252,22493,CT,2026-06-06,5,0,7.0,16.3,0.2197072118709782,0.3501864854860451,0.0723954810931681,0.08395070631269665,13.0,110.4,78.0
170253,22493,CT,2026-06-06,5,0,8.0,48.5,0.1005564058294313,0.1519218316749197,0.13311769745013158,0.1159014623101359,21.0,105.2,80.0
170254,22493,CT,2026-06-06,5,0,9.0,94.1,0.0618897431892557,0.1075288210890408,0.06691517730225235,0.046153058946743646,31.0,99.8,75.0
170255,22493,CT,2026-06-06,5,0,10.0,7.2,0.3426314970269782,0.2125741385162097,0.6585866287601363,0.5852498671037222,6.0,111.3,70.0
170256,22494,CT,2026-06-06,6,1,1.0,1.0,0.789565514482491,0.4815410015904868,0.7141623620269084,0.4255445764286884,3.0,114.1,73.0
170257,22494,CT,2026-06-06,6,1,2.0,6.6,0.4166128473951835,0.3932220982700686,0.4348782652890813,0.4335531769141698,5.5,108.8,75.0
170258,22494,CT,2026-06-06,6,1,3.0,2.7,0.6186441923975753,0.3725183073488541,0.767692524865164,0.6756118415621598,4.0,110.3,75.0
170259,22494,CT,2026-06-06,6,0,4.0,11.5,0.3042123908738315,0.3937547165564481,0.48915799157855283,0.5401090982045968,7.0,108.1,83.0
170260,22494,CT,2026-06-06,6,0,5.0,5.3,0.466836617155409,0.3891259174201459,0.49679943542737737,0.5417661864359549,6.0,109.6,79.0
170261,22494,CT,2026-06-06,6,0,6.0,44.5,0.1230860639344282,0.2397868332025375,0.16414202940057407,0.13296450680550628,21.0,96.7,63.0
170262,22494,CT,2026-06-06,6,0,7.0,16.8,0.2385491288201081,0.338066013363192,0.2875217975964969,0.34517907424367145,7.0,107.6,67.0
170263,22495,CT,2026-06-06,7,1,1.0,5.3,0.5854133197222687,0.5319675326922803,0.5886969428781198,0.6368965780113268,5.5,117.4,83.0
170264,22495,CT,2026-06-06,7,1,2.0,83.0,0.1009967966021948,0.1849613616936845,0.21762826373477734,0.26607630548342937,16.0,108.2,74.0
170265,22495,CT,2026-06-06,7,1,3.0,7.3,0.5097969394927389,0.5857738366895842,0.6035394133175294,0.7226331988908166,7.0,115.7,84.0
170266,22495,CT,2026-06-06,7,0,4.0,25.5,0.2415216823844601,0.486436815511653,0.21566606758608647,0.4094501637827559,11.0,115.5,82.0
170267,22495,CT,2026-06-06,7,0,4.0,38.0,0.1894413905356347,0.5380629277161647,0.2762375545305852,0.4188785123203524,21.0,110.8,74.0
170268,22495,CT,2026-06-06,7,0,6.0,9.0,0.4461683841904776,0.4433102111100385,0.38463241812848076,0.4693986691957029,5.0,115.3,78.0
170269,22495,CT,2026-06-06,7,0,7.0,115.3,0.0812213476042535,0.2065503568642077,0.06559333620228003,0.08339208518498403,21.0,103.3,77.0
170270,22495,CT,2026-06-06,7,0,8.0,0.3,0.929662150880862,0.6235323739528215,0.9710967218725007,0.9070356286914245,2.0,123.5,85.0
170271,22496,CT,2026-06-06,8,1,1.0,1.1,0.784657881280775,0.4824280574932631,0.8962942570775263,0.7613014256537659,4.5,94.8,75.0
170272,22496,CT,2026-06-06,8,1,2.0,2.3,0.6698657335964552,0.5105891170438666,0.7501685412689557,0.6796168825296129,4.0,99.9,66.0
170273,22496,CT,2026-06-06,8,1,3.0,18.8,0.2279964119914264,0.4089921498543461,0.06538196398018639,0.10306828082510726,11.0,90.1,61.0
170274,22496,CT,2026-06-06,8,0,4.0,3.7,0.5611335697515949,0.3986564518304595,0.5402034046101923,0.5255867575630713,3.5,98.1,65.0
170275,22496,CT,2026-06-06,8,0,5.0,11.5,0.3142119108814874,0.5102107486016467,0.33567918616174525,0.48186932502503405,5.5,94.5,55.0
170276,22496,CT,2026-06-06,8,0,6.0,23.5,0.1963057411479097,0.3744842786892292,0.18576440979859188,0.301285550296724,9.0,92.4,67.0
170277,22496,CT,2026-06-06,8,0,7.0,77.2,0.0849318200298461,0.2331670495125392,0.018123184440355763,0.009223411669155718,31.0,81.9,45.0
170278,22496,CT,2026-06-06,8,0,8.0,32.5,0.1582920874083752,0.3546185406956543,0.07904999538686966,0.11861851442858365,16.0,82.4,28.0
170279,22496,CT,2026-06-06,8,0,9.0,86.4,0.0791194185166937,0.2516273988692186,0.0546221349042066,0.1374993341514781,16.0,91.9,52.0
115749,14774,GP,2026-06-07,1,1,1.0,4.6,0.4501302372031984,0.3292418793346758,0.5255626143622005,0.5072566815804243,4.5,109.3,72.0
115751,14774,GP,2026-06-07,1,1,3.0,4.3,0.462014977201352,0.2955577396301174,0.4159581564864401,0.3212819477937512,5.0,106.3,71.0
115752,14774,GP,2026-06-07,1,0,4.0,2.7,0.570186103582241,0.3739990639256577,0.7071004264943734,0.6134491505694439,,109.8,77.0
115753,14774,GP,2026-06-07,1,0,5.0,72.4,0.0780475650471182,0.1739482606794609,0.04963118414483598,0.030038911447787607,31.0,88.2,47.0
115754,14774,GP,2026-06-07,1,0,6.0,83.0,0.0696704667763214,0.1386804228251626,0.058018014599937,0.026947910795074678,21.0,85.6,53.0
115755,14774,GP,2026-06-07,1,0,7.0,6.5,0.3669644851064665,0.2175546706141013,0.28972746362251656,0.14596499627818826,11.0,104.0,64.0
115756,14774,GP,2026-06-07,1,0,8.0,82.1,0.0665231152538189,0.0696047440681157,0.02081944880228512,0.007569696151414002,21.0,87.2,54.0
115757,14774,GP,2026-06-07,1,0,9.0,26.3,0.154414419170106,0.172810745208626,0.13491338811357387,0.0937659164230165,21.0,,
115758,14774,GP,2026-06-07,1,0,10.0,88.0,0.0653709447123028,0.1041321774739311,0.031501844568316104,0.009989047320632818,31.0,87.2,52.0
115759,14774,GP,2026-06-07,1,0,11.0,47.7,0.1052497521313337,0.2036556544796827,0.1843471302225267,0.19218918850156266,21.0,103.7,70.0
115760,14775,GP,2026-06-07,2,1,1.0,0.7,0.8775045000084548,0.5606420793782302,0.789939362008383,0.5373391596434987,2.4,130.0,88.0
115761,14775,GP,2026-06-07,2,1,2.0,4.7,0.5816279375838753,0.4688234334703144,0.5646898693568296,0.5592129922916996,4.5,118.7,86.0
115762,14775,GP,2026-06-07,2,1,3.0,2.0,0.7603121320687806,0.536526192103971,0.7584683388636542,0.5949378978588584,3.0,130.4,89.0
115763,14775,GP,2026-06-07,2,0,4.0,14.7,0.3044363235470089,0.4900559564453901,0.4950003886428591,0.6744004627409671,9.0,114.5,90.0
115764,14775,GP,2026-06-07,2,0,5.0,16.6,0.2667927499323435,0.2517298320039378,0.3816280661928712,0.39460859958812916,11.0,115.0,89.0
115765,14775,GP,2026-06-07,2,0,6.0,42.9,0.1334460480498389,0.0963108070156627,0.19305731887154132,0.10614690225219649,21.0,113.6,80.0
115766,14776,GP,2026-06-07,3,1,1.0,1.6,0.7533190844708698,0.5536519950846686,0.7614908863148943,0.6450546379630995,4.5,113.1,86.0
115767,14776,GP,2026-06-07,3,1,2.0,1.7,0.7446092399397652,0.5675516421614218,0.744876735551707,0.7193450194158874,2.8,116.2,90.0
115768,14776,GP,2026-06-07,3,1,3.0,12.5,0.2779461003920769,0.2037602161978536,0.364825783668938,0.29339037489666964,11.0,107.6,74.0
115769,14776,GP,2026-06-07,3,0,4.0,2.5,0.6857810531667252,0.7125787166026946,0.6932431943028017,0.7927786265294051,2.6,114.3,77.0
115770,14776,GP,2026-06-07,3,0,5.0,11.0,0.3119962300504865,0.34470576623809,0.3312865910686814,0.371166442211247,5.5,107.2,75.0
115771,14776,GP,2026-06-07,3,0,6.0,46.2,0.1205880841155387,0.2321596830210294,0.13842022284219266,0.3141839210050381,,100.7,71.0
115772,14777,GP,2026-06-07,4,1,1.0,14.1,0.2791288171185725,0.4508899485089443,0.2838120495336093,0.4239194425848033,9.0,107.8,77.0
115773,14777,GP,2026-06-07,4,1,2.0,0.8,0.8230640573626562,0.555646188997037,0.8349059071760583,0.6780118529395049,2.6,119.7,82.0
115774,14777,GP,2026-06-07,4,1,3.0,4.0,0.5633736551067262,0.660962373323633,0.5262138532060818,0.6507757513698357,5.5,109.8,80.0
115775,14777,GP,2026-06-07,4,0,4.0,12.4,0.2999582478618179,0.4285712859749765,0.5860273387938272,0.7499241334040769,11.0,111.8,77.0
115776,14777,GP,2026-06-07,4,0,5.0,28.9,0.1791195721594719,0.4703836786495937,0.13659710106770667,0.2317297258576329,21.0,103.7,73.0
115777,14777,GP,2026-06-07,4,0,6.0,4.0,0.5675966043678251,0.7100530336760763,0.32335862287021394,0.5831487751148683,3.0,110.7,73.0
115778,14777,GP,2026-06-07,4,0,7.0,10.0,0.3437293334885631,0.4804113315307957,0.38146584448932447,0.433467480021398,7.0,110.0,68.0
115779,14778,GP,2026-06-07,5,1,1.0,3.2,0.5008036069139324,0.2029155538852299,0.6519736047592934,0.41095869460766565,5.5,109.7,76.0
115780,14778,GP,2026-06-07,5,1,2.0,12.1,0.2451094990301185,0.1757307342158184,0.18413157024461943,0.11434224115815717,16.0,107.7,79.0
115781,14778,GP,2026-06-07,5,1,3.0,17.9,0.1896065669021941,0.1447569248638647,0.199156162058088,0.13988433165482586,7.0,105.2,69.0
115782,14778,GP,2026-06-07,5,0,4.0,19.9,0.1749651122932371,0.1210251299624706,0.16787519384040153,0.10243253586412138,16.0,105.9,75.0
115783,14778,GP,2026-06-07,5,0,5.0,8.0,0.318467013985655,0.2331780146746579,0.36649853204722027,0.28762652542345724,11.0,105.5,83.0
115784,14778,GP,2026-06-07,5,0,6.0,4.1,0.4558431814975415,0.2777388402371233,0.41399950049849765,0.3373885343495966,3.5,108.6,82.0
115785,14778,GP,2026-06-07,5,0,7.0,2.2,0.597410443307335,0.4227063484511187,0.5787621788596559,0.4698176944409912,,114.4,78.0
115786,14778,GP,2026-06-07,5,0,8.0,6.2,0.3639106598781138,0.2084911086689492,0.10270402991962993,0.039886414094825635,7.0,103.0,69.0
115787,14778,GP,2026-06-07,5,0,9.0,78.6,0.0694673691371227,0.1208982303700277,0.08486567741851088,0.04058410031936155,31.0,98.1,71.0
115788,14778,GP,2026-06-07,5,0,10.0,32.9,0.1268003647830606,0.1335145614837604,0.18017693483703445,0.11127879694961086,21.0,98.2,75.0
115789,14779,GP,2026-06-07,6,1,1.0,3.1,0.638853397234746,0.6660090218784875,0.6757929291643325,0.7674984454098636,4.5,117.9,79.0
115790,14779,GP,2026-06-07,6,1,2.0,2.0,0.7310114721968367,0.725427107465086,0.7128175470675429,0.7177366312134141,4.0,114.1,75.0
115791,14779,GP,2026-06-07,6,1,3.0,1.2,0.8036456405065266,0.6761159229897772,0.8887762875913598,0.8054399423408186,2.8,120.1,78.0
115792,14779,GP,2026-06-07,6,0,4.0,6.1,0.4685391207616792,0.6830949961980767,0.395296770975582,0.6405633461256001,5.0,116.5,76.0
115793,14779,GP,2026-06-07,6,0,5.0,17.5,0.2461881422887598,0.4925337197698062,0.18668906648064726,0.400282346705789,6.0,109.0,75.0
115794,14780,GP,2026-06-07,7,1,1.0,0.7,0.8605687484454041,0.6937200757035598,0.8926424227234981,0.8083181469986265,3.0,112.8,76.0
115795,14780,GP,2026-06-07,7,1,2.0,5.2,0.5192030575546189,0.5335718443796561,0.6997519157193737,0.7927732080555406,4.0,107.7,71.0
115796,14780,GP,2026-06-07,7,1,3.0,32.7,0.168521035352917,0.3672146748664874,0.2588925644625357,0.4585662628035545,21.0,92.0,81.0
115797,14780,GP,2026-06-07,7,0,4.0,10.6,0.3332624424085618,0.2707070158087342,0.3448309011591458,0.32024843439680867,7.0,102.1,78.0
115798,14780,GP,2026-06-07,7,0,5.0,2.6,0.6790342482001158,0.5745468603797194,0.6718817801284078,0.7032548606369456,3.5,111.7,83.0
115799,14780,GP,2026-06-07,7,0,6.0,9.2,0.3664870517880925,0.3192569967304552,0.49559462248388986,0.5100566394380037,5.5,107.6,78.0
115800,14781,GP,2026-06-07,8,1,1.0,3.6,0.5109874296432236,0.5451247519495245,0.4318283359918419,0.4346293663435373,7.0,121.1,79.0
115801,14781,GP,2026-06-07,8,1,2.0,5.8,0.3959253535379582,0.3703844299592628,0.28830001342246797,0.14902781147408067,21.0,119.2,82.0
115802,14781,GP,2026-06-07,8,1,3.0,2.1,0.6227631600487182,0.5473796711617559,0.6409174898810359,0.524036774636291,9.0,124.2,90.0
115803,14781,GP,2026-06-07,8,0,4.0,12.3,0.2702106577123255,0.5441267338792731,0.2472685102390486,0.41545053594630516,13.0,122.3,83.0
115804,14781,GP,2026-06-07,8,0,5.0,3.6,0.5083942743627974,0.5108237899196618,0.4722030104721525,0.604330593271521,4.0,128.1,99.0
115805,14781,GP,2026-06-07,8,0,6.0,7.4,0.3380473164666099,0.249923304885207,0.18183705831578423,0.05099923070454226,16.0,123.9,88.0
115806,14781,GP,2026-06-07,8,0,7.0,7.4,0.3493048733816098,0.3925222230131658,0.24512839558149255,0.23860583577238587,5.5,123.9,
115807,14782,GP,2026-06-07,9,1,1.0,1.4,0.739558847394432,0.5017879072838245,0.7727472400558738,0.6496891033113588,,125.6,89.0
115808,14782,GP,2026-06-07,9,1,2.0,2.9,0.6078809162947127,0.5569113194883017,0.5636614276616886,0.5627073744309437,4.0,123.2,94.0
115809,14782,GP,2026-06-07,9,1,3.0,8.2,0.3780366182613286,0.6729024447314633,0.1781795567437991,0.34809385097763895,13.0,116.3,80.0
115810,14782,GP,2026-06-07,9,0,4.0,2.3,0.6574886281824255,0.5771423949541434,0.6787348630955117,0.7054919408015613,3.5,121.9,90.0
115811,14782,GP,2026-06-07,9,0,5.0,22.6,0.1874714472707985,0.2698835247845401,0.14548128676321806,0.1709613781973274,16.0,116.5,86.0
115812,14782,GP,2026-06-07,9,0,6.0,8.5,0.3492508329179557,0.3746624206775807,0.45092687045905283,0.5470806742448485,7.0,117.2,93.0
115813,14783,GP,2026-06-07,10,1,1.0,0.4,0.934871942725597,0.7563808147730003,0.9556550048908377,0.8940883409055448,5.0,119.5,91.0
115814,14783,GP,2026-06-07,10,1,2.0,2.7,0.767697367219855,0.6775097130329328,0.70031242536204,0.5535116135421397,3.5,108.6,70.0
115815,14783,GP,2026-06-07,10,1,3.0,10.6,0.4385841808681897,0.5000105319613535,0.3256782624824547,0.25719309318560457,11.0,102.0,66.0
115816,14783,GP,2026-06-07,10,0,4.0,11.5,0.4049134668703783,0.3316823159714414,0.41318587181644395,0.32922034784515647,9.0,109.3,76.0
115817,14783,GP,2026-06-07,10,0,5.0,19.8,0.2951917881306798,0.4349398856168383,0.22102373989560956,0.15560575313876063,21.0,101.4,63.0
115818,14783,GP,2026-06-07,10,0,6.0,58.0,0.1402806432134677,0.2768885858128037,0.05416128591273909,0.05008865460938793,21.0,95.1,
115819,14784,GP,2026-06-12,1,1,1.0,1.9,0.6336054313979166,0.2726543977476784,0.6117431769736,0.2312730199085925,9.0,97.3,53.0
115820,14784,GP,2026-06-12,1,1,2.0,8.1,0.3344661277877541,0.3196402783109445,0.11038535008561262,0.13080696060069247,5.0,87.0,
115821,14784,GP,2026-06-12,1,1,3.0,67.7,0.0764185497477354,0.070173883364046,0.07265660025207714,0.017323739769108587,31.0,84.6,57.0
115822,14784,GP,2026-06-12,1,0,4.0,11.9,0.2613642476397709,0.2352635024610875,0.4421888939746021,0.48017572937372155,11.0,97.4,70.0
115823,14784,GP,2026-06-12,1,0,5.0,3.6,0.5041580105254967,0.3090533660579118,0.5907502438016069,0.4443896343795304,2.8,110.9,71.0
115824,14784,GP,2026-06-12,1,0,6.0,44.4,0.1089801023093464,0.1648873341400401,0.11635319720920326,0.11960075289190508,16.0,90.5,44.0
115825,14784,GP,2026-06-12,1,0,7.0,2.6,0.5794591079628858,0.372232005623866,0.7920537803854212,0.6509964768280682,7.0,97.6,60.0
115826,14784,GP,2026-06-12,1,0,8.0,7.0,0.3658743688067156,0.3611280931073159,0.3091448015495019,0.3293679025322687,,96.5,39.0
115827,14784,GP,2026-06-12,1,0,9.0,33.9,0.1282572212660532,0.1302239558224115,0.1813798272537863,0.09103007054554066,21.0,87.0,42.0
115828,14785,GP,2026-06-12,2,1,1.0,1.7,0.7001268625187579,0.480559501618113,0.6680928206717031,0.5369141365426279,3.5,113.8,79.0
115829,14785,GP,2026-06-12,2,1,2.0,8.1,0.3489235493907093,0.3032482821365192,0.4671851499923862,0.3772811358916858,11.0,108.6,72.0
115830,14785,GP,2026-06-12,2,1,3.0,6.2,0.4159096380191764,0.4475375430093091,0.39988870478070526,0.5469702813920544,5.5,109.3,74.0
115831,14785,GP,2026-06-12,2,0,4.0,28.5,0.1622620360430589,0.3289927031306887,0.29372328262304015,0.467874951731723,11.0,111.1,76.0
115832,14785,GP,2026-06-12,2,0,5.0,2.2,0.6470864004555791,0.4068006593775683,0.7685002436074291,0.6864439197853902,4.0,116.2,81.0
115833,14785,GP,2026-06-12,2,0,6.0,2.9,0.5905919557765699,0.4282466028110885,0.574725676789999,0.46613752700720845,2.6,108.5,84.0
115834,14786,GP,2026-06-12,3,1,1.0,2.7,0.6288523714281725,0.5892232192639731,0.5291327284676729,0.6196045720323291,4.0,108.5,75.0
115835,14786,GP,2026-06-12,3,1,2.0,15.6,0.2452754536095855,0.361058610534459,0.20314431578299147,0.422638858481217,,99.6,71.0
115836,14786,GP,2026-06-12,3,1,3.0,2.7,0.6351196650208161,0.6722387151251943,0.7869094204430592,0.865751073782106,4.5,105.8,74.0
115837,14786,GP,2026-06-12,3,0,4.0,1.3,0.7518621456360363,0.5033501089888689,0.8323814253643589,0.6987243654907621,2.6,115.8,77.0
115838,14786,GP,2026-06-12,3,0,5.0,15.8,0.2426215410042493,0.3488919456885059,0.18900185185916374,0.2652809751589212,11.0,102.8,59.0
115839,14786,GP,2026-06-12,3,0,6.0,16.1,0.234200543712326,0.2618804595070096,0.12336731593082376,0.08143965487757047,21.0,96.7,59.0
115840,14786,GP,2026-06-12,3,0,7.0,14.2,0.2607961345820064,0.3767758021595309,0.3765331513002375,0.4510691248657454,13.0,101.7,67.0
115841,14787,GP,2026-06-12,4,1,1.0,1.8,0.7115008211854356,0.6931782174430747,0.6769556495256496,0.7363042052578299,2.8,120.3,84.0
115842,14787,GP,2026-06-12,4,1,2.0,6.1,0.4165084603564683,0.3350639178013963,0.47789238106463755,0.48305119625454435,7.0,115.7,84.0
115843,14787,GP,2026-06-12,4,1,3.0,1.8,0.7022476066728114,0.5553733943766883,0.6179497662510429,0.5645686737547644,3.5,114.9,80.0
115844,14787,GP,2026-06-12,4,0,4.0,3.2,0.5935099607895938,0.6562281788595601,0.6083845644890912,0.7432180022205463,3.0,119.1,80.0
115845,14787,GP,2026-06-12,4,0,5.0,9.4,0.3358524821070611,0.4603944471125624,0.5595898926893144,0.6859522825424091,11.0,108.8,73.0
115846,14787,GP,2026-06-12,4,0,6.0,32.9,0.1559751804933225,0.4839351851927885,0.20511073616548786,0.4388869574296172,13.0,111.6,75.0
115847,14788,GP,2026-06-12,5,1,1.0,1.5,0.7089585248355782,0.5149033222876878,0.7608357704671449,0.7172928126332515,3.5,122.7,84.0
115848,14788,GP,2026-06-12,5,1,2.0,2.3,0.6163467101770957,0.3014584504245591,0.6916459455326892,0.474500695459942,5.0,120.8,82.0
115849,14788,GP,2026-06-12,5,1,3.0,8.0,0.3436135916544308,0.262327269405805,0.1902414395397919,0.13751324612468163,9.0,117.8,81.0
115850,14788,GP,2026-06-12,5,0,4.0,4.1,0.4996632777326954,0.3988253639816223,0.5304193628133221,0.5495147752237988,4.5,121.7,91.0
115851,14788,GP,2026-06-12,5,0,5.0,42.3,0.1162830863394631,0.1621627430734261,0.10557209261073944,0.07101272657532384,21.0,111.3,80.0
115852,14788,GP,2026-06-12,5,0,6.0,26.6,0.1648885469819249,0.2698483441036723,0.15072672528999603,0.20258484058476484,11.0,114.6,85.0
115853,14788,GP,2026-06-12,5,0,7.0,40.4,0.1136231479712197,0.0790999357651184,0.06951444216235596,0.03585928429202574,13.0,115.6,80.0
115854,14788,GP,2026-06-12,5,0,8.0,19.8,0.1970895156055015,0.2350688550110345,0.05689015384890472,0.039630899790481774,16.0,114.4,84.0
115855,14788,GP,2026-06-12,5,0,9.0,12.1,0.2758642127120245,0.3493346600826777,0.16285007872684237,0.23195209074998058,6.0,115.6,82.0
115856,14789,GP,2026-06-12,6,1,1.0,6.7,0.4091759490613009,0.4608996401882853,0.4825406508997692,0.6193107765141703,7.0,110.4,88.0
115857,14789,GP,2026-06-12,6,1,2.0,1.2,0.7590747459948436,0.4581135386918558,0.6986882221228128,0.5309147741987394,3.0,115.6,79.0
115858,14789,GP,2026-06-12,6,1,3.0,43.3,0.1189623948193983,0.169279586030362,0.09283588950891801,0.10568337375375994,16.0,,
115859,14789,GP,2026-06-12,6,0,4.0,10.5,0.3049340304149526,0.2730065262294282,0.22546498336491316,0.22159979118394746,7.0,92.0,
115860,14789,GP,2026-06-12,6,0,5.0,3.8,0.5420413923471317,0.4743188122243327,0.6731085681080398,0.6988064053448093,3.5,116.5,75.0
115861,14789,GP,2026-06-12,6,0,6.0,2.6,0.6316845460990114,0.557606488763125,0.4361095774645863,0.4405239847482074,4.0,120.1,
115862,14789,GP,2026-06-12,6,0,7.0,24.1,0.1861344009771321,0.3480013597250019,0.1977846611994045,0.32375668451283357,16.0,,
115863,14790,GP,2026-06-12,7,1,1.0,7.3,0.3878082866734134,0.2814616422681797,0.6665435537675015,0.48971413948302117,16.0,113.2,85.0
115864,14790,GP,2026-06-12,7,1,2.0,1.0,0.7999505152456151,0.5251860115664144,0.8387455145635401,0.7541844067953009,2.6,118.3,89.0
115865,14790,GP,2026-06-12,7,1,3.0,10.2,0.320535105283834,0.2898131424231841,0.2476217570317501,0.3001084743830379,,112.0,87.0
115866,14790,GP,2026-06-12,7,0,4.0,3.2,0.6020897236744718,0.5308695976329552,0.6882070253496997,0.5908700773626578,5.0,111.1,79.0
115867,14790,GP,2026-06-12,7,0,5.0,28.4,0.169713554999168,0.2978659507437284,0.12955357695761108,0.09427732071551566,31.0,103.1,75.0
115868,14790,GP,2026-06-12,7,0,6.0,3.1,0.6162993123454139,0.6280680057797126,0.645624894593664,0.7410398219473158,3.5,112.2,80.0
115869,14791,GP,2026-06-12,8,1,1.0,3.7,0.5636913332763629,0.5690271463912377,0.7081635132913672,0.7986209888407118,5.5,127.2,91.0
115870,14791,GP,2026-06-12,8,1,2.0,4.4,0.5210515414714113,0.5715117961448085,0.4147327562907438,0.4979151129069107,6.0,125.8,80.0
115871,14791,GP,2026-06-12,8,1,3.0,1.9,0.7223476411951052,0.7924369536931536,0.7510662256096282,0.860364137561951,4.0,130.4,97.0
115872,14791,GP,2026-06-12,8,0,4.0,11.4,0.304686302005593,0.4446018448661035,0.13915810668302192,0.2461328983996458,7.0,117.3,92.0
115873,14791,GP,2026-06-12,8,0,5.0,1.5,0.7537829023743337,0.6991655004886449,0.7794325054620703,0.7667266309850519,3.0,132.8,93.0
115874,14792,GP,2026-06-12,9,1,1.0,2.4,0.6461643744750114,0.5883180074908766,0.8036291985015641,0.8193986887403181,3.5,123.1,82.0
115875,14792,GP,2026-06-12,9,1,2.0,17.2,0.2284372188859069,0.3247116949455882,0.37278436483455496,0.3600765122186583,16.0,118.5,88.0
115876,14792,GP,2026-06-12,9,1,3.0,10.9,0.2918386819266737,0.2070839755760411,0.3872001870757549,0.260248604235485,9.0,108.0,75.0
115877,14792,GP,2026-06-12,9,0,4.0,1.2,0.7560580559930012,0.4757584337341547,0.8696843124507041,0.7706185218335083,4.0,126.5,89.0
115878,14792,GP,2026-06-12,9,0,5.0,28.6,0.16522284547985,0.3254117292764448,0.11404583662201995,0.12656380002313022,16.0,113.7,82.0
115879,14792,GP,2026-06-12,9,0,6.0,6.6,0.413039360208588,0.4828223950948222,0.4856773602459076,0.5917444047402183,4.5,122.5,89.0
115880,14792,GP,2026-06-12,9,0,7.0,5.0,0.4657439083640347,0.3481010842398231,0.5594566055814825,0.41143445671003687,9.0,120.8,82.0
170280,22497,CT,2026-06-12,1,1,1.0,1.7,0.6720450652460043,0.3499078909292413,0.837864813554078,0.7248686289858874,4.0,99.5,61.0
170281,22497,CT,2026-06-12,1,1,2.0,2.3,0.62165869134989,0.4407057584925599,0.6136099988467937,0.6087519589457268,5.0,96.3,65.0
170282,22497,CT,2026-06-12,1,1,3.0,8.1,0.3511669639397435,0.4537728303870408,0.21882951938545314,0.30630926603762093,13.0,94.1,53.0
170283,22497,CT,2026-06-12,1,0,4.0,10.1,0.3032041054520456,0.3532906069943573,0.2835379876611628,0.3888214577870028,,89.5,57.0
170284,22497,CT,2026-06-12,1,0,5.0,16.2,0.2311667895331528,0.4043207984829047,0.30258425560383345,0.32461075766974284,21.0,91.9,55.0
170285,22497,CT,2026-06-12,1,0,6.0,3.5,0.5300131286537789,0.4072959288255864,0.46255050416682286,0.4514095838919907,3.0,91.8,70.0
170286,22497,CT,2026-06-12,1,0,7.0,22.5,0.1843203472233329,0.3257875624724664,0.18767755674468897,0.26857304381675995,16.0,91.5,62.0
170287,22497,CT,2026-06-12,1,0,8.0,38.2,0.122588077605223,0.157350914259204,0.0888049663536855,0.06206953481000865,21.0,83.0,46.0
170288,22498,CT,2026-06-12,2,1,1.0,1.4,0.7529521798605422,0.7596106599448363,0.5110459295069224,0.6231403093464475,3.5,107.6,74.0
170289,22498,CT,2026-06-12,2,1,2.0,5.7,0.435647989433986,0.4209946212240564,0.32813647116780026,0.4020186286614002,5.5,104.0,85.0
170290,22498,CT,2026-06-12,2,1,3.0,3.8,0.5415709329622834,0.5722043952838441,0.6319483878115453,0.648968081034381,11.0,104.3,72.0
170291,22498,CT,2026-06-12,2,0,4.0,3.0,0.5839613428279651,0.4108908583713392,0.6366227466457596,0.4805156643599305,9.0,102.0,71.0
170292,22498,CT,2026-06-12,2,0,5.0,4.2,0.5113365023044378,0.4844401301869908,0.340998358132146,0.4124690661204898,5.0,101.1,88.0
170293,22499,CT,2026-06-12,3,1,1.0,1.0,0.8196820621091085,0.6085543875525532,0.7618524324508229,0.4438060247473776,4.0,107.6,68.0
170294,22499,CT,2026-06-12,3,1,2.0,1.9,0.7350691931132806,0.6440819307123266,0.7746525994186948,0.7380407337803376,3.5,107.8,72.0
170295,22499,CT,2026-06-12,3,1,3.0,4.5,0.5476802942904264,0.4992099707348176,0.4631213456632589,0.4892620723223216,7.0,104.7,67.0
170296,22499,CT,2026-06-12,3,0,4.0,12.0,0.3158952382941914,0.4425857731326942,0.24093378909709232,0.37513727646250433,7.0,101.2,66.0
170297,22499,CT,2026-06-12,3,0,5.0,26.8,0.1804852547738961,0.2282193607067561,0.34273646167592275,0.3348530448239437,16.0,102.2,79.0
170298,22499,CT,2026-06-12,3,0,6.0,103.8,0.0690846752709423,0.136933674392005,0.08838407765513041,0.0678178054325335,31.0,85.4,68.0
170299,22499,CT,2026-06-12,3,0,7.0,29.5,0.1706187515127126,0.2472977270136121,0.16363457981828333,0.17991344891933891,16.0,96.9,77.0
170300,22499,CT,2026-06-12,3,0,8.0,24.7,0.1857428495982579,0.1656941622253526,0.12644254767377086,0.12135780535521482,9.0,97.3,76.0
170301,22500,CT,2026-06-12,4,1,1.0,1.7,0.6718728861638648,0.3795073185205678,0.7434050790741837,0.6099209183886224,4.5,103.0,66.0
170302,22500,CT,2026-06-12,4,1,2.0,3.8,0.5022023363402212,0.3399159739903345,0.4825494899138848,0.40782221805289015,3.5,103.0,
170303,22500,CT,2026-06-12,4,1,3.0,12.2,0.2616764176562992,0.2471833422371533,0.19048139285122614,0.17058404099916874,9.0,,
170304,22500,CT,2026-06-12,4,0,4.0,58.5,0.0867000303221215,0.0834845056845734,0.033916355081063825,0.010583408295692145,31.0,87.4,41.0
170305,22500,CT,2026-06-12,4,0,5.0,27.9,0.1476669895947472,0.1293421604525216,0.1647361981053497,0.06247830259504877,31.0,91.7,48.0
170306,22500,CT,2026-06-12,4,0,6.0,2.7,0.5904729456734295,0.5067592014104613,0.7144119351710227,0.6559595503161213,3.0,,
170307,22500,CT,2026-06-12,4,0,7.0,39.7,0.1133749874959203,0.0875917282688588,0.02256306565837442,0.007251143298764309,31.0,87.1,
170308,22500,CT,2026-06-12,4,0,8.0,88.7,0.0652055729024469,0.0881045032162194,0.019183591690316613,0.01123087705787659,31.0,75.5,
170309,22500,CT,2026-06-12,4,0,9.0,3.8,0.4989635257112321,0.3024672126101999,0.3934036685252421,0.21816350405769155,5.0,,
170310,22500,CT,2026-06-12,4,0,10.0,123.5,0.0541780681142156,0.1580865153859995,0.04640978440529758,0.03901182009571588,31.0,86.1,43.0
170311,22501,CT,2026-06-12,5,1,1.0,0.6,0.8499097177599066,0.6093005784794489,0.832701651883544,0.6702053898770213,3.5,123.1,87.0
170312,22501,CT,2026-06-12,5,1,2.0,7.2,0.4272311919655381,0.6085729460042962,0.3625173818270596,0.4566601791589152,6.0,110.3,74.0
170313,22501,CT,2026-06-12,5,1,3.0,9.4,0.3555992957687706,0.403643701883097,0.28646667289331934,0.3689799596855897,11.0,110.9,79.0
170314,22501,CT,2026-06-12,5,0,4.0,17.3,0.2623955475577969,0.655891191969562,0.1866774932164537,0.47266209056174624,7.0,110.8,84.0
170315,22501,CT,2026-06-12,5,0,5.0,17.2,0.2515646471314549,0.4574126934658306,0.31971279331880237,0.4058158836466581,13.0,111.0,81.0
170316,22501,CT,2026-06-12,5,0,6.0,6.9,0.4281641576933638,0.494260042573874,0.5141886245529377,0.5911783896470673,5.5,112.3,81.0
170317,22501,CT,2026-06-12,5,0,7.0,5.1,0.4921868432571212,0.4273114872500234,0.39104367401051243,0.3405136188745871,4.5,109.5,79.0
170318,22502,CT,2026-06-12,6,1,1.0,4.6,0.4207803933953145,0.2017010627885484,0.4556634521192679,0.2538354396826705,5.0,100.8,60.0
170319,22502,CT,2026-06-12,6,1,2.0,8.4,0.3226660762586336,0.4335598285153212,0.4147342725994612,0.5417857536972804,13.0,102.3,
170320,22502,CT,2026-06-12,6,1,3.0,5.1,0.4158388371370602,0.3821861379439802,0.3639271806489766,0.43907213797053213,7.0,101.3,69.0
170321,22502,CT,2026-06-12,6,0,4.0,2.0,0.6050539049588893,0.3303651481530282,0.4726315606867167,0.28616238833172125,4.5,,
170322,22502,CT,2026-06-12,6,0,5.0,8.0,0.3346539948975962,0.4800617919215209,0.2426767905847661,0.3350548956303411,6.0,100.2,
170323,22502,CT,2026-06-12,6,0,6.0,18.9,0.1974296516496137,0.3931198476450857,0.2263448360678282,0.46725158626716745,11.0,102.2,63.0
170324,22502,CT,2026-06-12,6,0,7.0,17.5,0.2085775038967862,0.4212578193631577,0.2052948529621468,0.3819560463283358,11.0,100.2,61.0
170325,22502,CT,2026-06-12,6,0,8.0,28.3,0.1475556520255569,0.2769133006378178,0.13616771011188697,0.24216325470024797,11.0,,
170326,22502,CT,2026-06-12,6,0,9.0,4.2,0.4723199609420627,0.5903672572751951,0.5275208206962055,0.575145155601383,5.5,,
170327,22503,CT,2026-06-12,7,1,1.0,0.9,0.8120088866392196,0.6824846132262651,0.875215101790336,0.8947119618999805,2.4,122.4,89.0
170328,22503,CT,2026-06-12,7,1,2.0,3.8,0.5400475237441184,0.3348903335352752,0.7351510474532162,0.6555970415610447,2.8,111.3,91.0
170329,22503,CT,2026-06-12,7,1,3.0,5.4,0.4664084086264577,0.4451432936121596,0.5745406568912508,0.5990697857608792,6.0,118.4,96.0
170330,22503,CT,2026-06-12,7,0,4.0,14.0,0.2708780308716518,0.396108674951227,0.17322125305634553,0.2617065379074514,7.0,112.7,77.0
170331,22503,CT,2026-06-12,7,0,5.0,4.3,0.5207751924719827,0.4551843972107597,0.6197585065003826,0.46425368837682396,16.0,112.4,80.0
170332,22503,CT,2026-06-12,7,0,6.0,15.1,0.2525144348299724,0.2986386609002993,0.2315624214566469,0.25917954731594794,13.0,114.4,86.0
170333,22503,CT,2026-06-12,7,0,7.0,62.3,0.0966623876731695,0.2011427076535858,0.08731547718047941,0.13584832844657777,21.0,105.0,71.0
170334,22504,CT,2026-06-12,8,1,1.0,0.4,0.9337616104543348,0.9137240961560223,0.8213495757995902,0.63266382165565,1.6,133.3,89.0
170335,22504,CT,2026-06-12,8,1,2.0,2.9,0.7559826631721484,0.8875306918615368,0.7386956793745362,0.9068250077445471,5.5,124.7,86.0
170336,22504,CT,2026-06-12,8,1,3.0,6.5,0.5512369809751441,0.6288791359572085,0.7094179818124218,0.8185214711751887,6.0,121.4,89.0
170337,22504,CT,2026-06-12,8,0,4.0,11.1,0.4043950752437764,0.5718537056627553,0.2896870248478148,0.47315958221421983,7.0,120.4,84.0
170338,22504,CT,2026-06-12,8,0,5.0,30.3,0.2146446246460683,0.5046570197390925,0.08567849847172916,0.11261833216243337,21.0,114.3,84.0
170339,22504,CT,2026-06-12,8,0,6.0,42.7,0.1712578372784073,0.4940781334517029,0.1147404135211168,0.30719937204087017,16.0,117.7,86.0
170340,22505,CT,2026-06-12,9,1,1.0,1.1,0.7507434891325787,0.3127824371921174,0.8156302075638306,0.5636698512245557,2.8,115.9,90.0
170341,22505,CT,2026-06-12,9,1,2.0,4.1,0.5056410773742105,0.3577505475924492,0.41134303228168995,0.35123820097488484,5.5,109.7,85.0
170342,22505,CT,2026-06-12,9,1,3.0,7.3,0.3769778142341883,0.3546129925503137,0.5501441153680996,0.4980316649529281,13.0,104.7,73.0
170343,22505,CT,2026-06-12,9,0,4.0,20.7,0.1960474075714887,0.2409585164479399,0.41734626915169515,0.3652840591996156,21.0,105.5,79.0
170344,22505,CT,2026-06-12,9,0,5.0,3.1,0.5824823091638938,0.5494194098572206,0.5019122826260647,0.46505741764192843,6.0,110.1,76.0
170345,22505,CT,2026-06-12,9,0,6.0,25.5,0.1849255726020026,0.5187106607693892,0.15877881875617275,0.4547961896377585,7.0,106.4,78.0
170346,22505,CT,2026-06-12,9,0,7.0,49.0,0.1099171327086589,0.2109774678985255,0.09583047342240657,0.08048522025877329,21.0,97.8,68.0
170347,22505,CT,2026-06-12,9,0,8.0,66.8,0.0903615944924207,0.2510090497261246,0.06255092656373695,0.15207462534036284,9.0,99.6,71.0
170348,22505,CT,2026-06-12,9,0,9.0,13.0,0.2653965030846715,0.2853576209419304,0.38448342377134015,0.33473081726983245,11.0,107.6,72.0
115881,14793,GP,2026-06-13,1,1,1.0,3.3,0.5319836464280184,0.5604804376973529,0.6941591304007242,0.7905617828190149,5.5,112.9,74.0
115882,14793,GP,2026-06-13,1,1,2.0,26.9,0.1454007509688137,0.1171627963973644,0.10185262336095473,0.025370381437428542,21.0,94.0,61.0
115883,14793,GP,2026-06-13,1,1,3.0,2.0,0.6148269359366467,0.3097382282780771,0.5269899807769848,0.31085439610193305,4.0,108.1,73.0
115884,14793,GP,2026-06-13,1,0,4.0,3.0,0.532607184439651,0.3090869129490438,0.3558423152659474,0.2297298951947016,5.5,104.0,74.0
115885,14793,GP,2026-06-13,1,0,5.0,12.3,0.2461191783004963,0.1771911873336205,0.24897629403065147,0.15784350530534805,16.0,102.8,76.0
115886,14793,GP,2026-06-13,1,0,6.0,60.7,0.0825770095351463,0.0941621019176503,0.03298137599188832,0.011286425490733472,31.0,98.8,69.0
115887,14793,GP,2026-06-13,1,0,7.0,14.3,0.2237257576651924,0.1697837687001565,0.1924391189283148,0.05653462139231532,21.0,98.1,84.0
115888,14793,GP,2026-06-13,1,0,8.0,72.1,0.0719691060213408,0.0739882015582533,0.08816723498116757,0.029821023375853545,31.0,100.1,71.0
115889,14793,GP,2026-06-13,1,0,9.0,24.7,0.1574490575695148,0.1613290600890946,0.08953695836684909,0.04599374230722404,16.0,92.8,77.0
115890,14793,GP,2026-06-13,1,0,10.0,7.0,0.3561746486539829,0.3300784539974872,0.1293723554275222,0.07389659069747095,11.0,91.3,
115891,14793,GP,2026-06-13,1,0,11.0,27.4,0.1485519255291828,0.1827360765965122,0.10077044599070062,0.04588312431408225,16.0,84.3,32.0
115893,14794,GP,2026-06-13,2,1,2.0,5.0,0.4751656903350693,0.534781426809127,0.37745005818700833,0.5571444093345301,6.0,111.5,66.0
115894,14794,GP,2026-06-13,2,1,3.0,2.7,0.612251631476646,0.4398056817992747,0.5298826521862884,0.43246142361143886,5.0,,
115895,14794,GP,2026-06-13,2,0,4.0,15.7,0.2399496219471045,0.3439394502259833,0.241693342810223,0.3712341866226688,9.0,,
115896,14794,GP,2026-06-13,2,0,5.0,19.2,0.2137601287918951,0.3822844367763774,0.12492286428819921,0.23013765522438245,9.0,,
115897,14794,GP,2026-06-13,2,0,6.0,1.6,0.7096452027192973,0.3853148059718786,0.546247940454971,0.268613943325674,2.8,,
115898,14795,GP,2026-06-13,3,1,1.0,9.5,0.2872230784106936,0.211982225564068,0.282988159148784,0.16369659475688286,11.0,112.2,85.0
115899,14795,GP,2026-06-13,3,1,2.0,2.9,0.5441854634339375,0.4281535667352478,0.6292606935701399,0.5670295921389044,5.5,115.4,88.0
115900,14795,GP,2026-06-13,3,1,3.0,11.1,0.2707972561763896,0.3283698676092226,0.15424640274087326,0.15162984091169526,9.0,113.7,72.0
115901,14795,GP,2026-06-13,3,0,4.0,3.6,0.5051403163601109,0.5238737309072221,0.6847456518839148,0.7720392655451868,3.5,117.4,81.0
115902,14795,GP,2026-06-13,3,0,5.0,7.7,0.3408892192193495,0.4245400488880169,0.34130626084852755,0.35965356149572614,13.0,113.8,83.0
115903,14795,GP,2026-06-13,3,0,6.0,3.9,0.4917520385069261,0.575229487793453,0.41811262210051536,0.581767294889353,5.0,117.2,91.0
115904,14795,GP,2026-06-13,3,0,7.0,3.0,0.5367432719047249,0.4247755357189541,0.5118393273573636,0.49155954010891045,3.0,114.4,81.0
115905,14796,GP,2026-06-13,4,1,1.0,2.5,0.6705353661532063,0.6045319761728403,0.7580437281370238,0.8152969640266152,4.0,112.4,79.0
115906,14796,GP,2026-06-13,4,1,2.0,1.0,0.8135585586397562,0.6515838368775813,0.7494031050067033,0.657769970760254,2.6,120.5,85.0
115907,14796,GP,2026-06-13,4,1,3.0,8.7,0.3591247544092205,0.3313301400792694,0.8328469139734966,0.8645099244373872,9.0,115.5,85.0
115908,14796,GP,2026-06-13,4,0,4.0,15.2,0.2687481120467073,0.5204701385506723,0.19114457238962454,0.358112521771938,11.0,108.9,76.0
115909,14796,GP,2026-06-13,4,0,5.0,3.1,0.6218816986015955,0.5522191491704508,0.6546288907996397,0.65912516705608,2.8,114.0,79.0
115910,14796,GP,2026-06-13,4,0,6.0,38.9,0.1354016527717849,0.214579815446495,0.09317396713689297,0.08975905925875324,21.0,106.1,83.0
115911,14796,GP,2026-06-13,4,0,7.0,62.5,0.0963976136392615,0.1714043190602449,0.08276066255912867,0.1175260057291523,21.0,109.4,78.0
115912,14797,GP,2026-06-13,5,1,1.0,3.0,0.5922217159421411,0.6250239371882127,0.7460166066200206,0.8417831477077931,3.5,122.0,89.0
115913,14797,GP,2026-06-13,5,1,2.0,33.3,0.141092595155724,0.2004675872378181,0.1255826372578581,0.1146049663575221,16.0,105.1,80.0
115914,14797,GP,2026-06-13,5,1,3.0,7.0,0.3781267720389652,0.2845983302164615,0.34229838745554647,0.343706023044345,,117.0,87.0
115915,14797,GP,2026-06-13,5,0,4.0,5.6,0.4451924523470851,0.5271997323895099,0.3901140845999674,0.4321556499122476,9.0,119.9,84.0
115916,14797,GP,2026-06-13,5,0,5.0,8.4,0.3348638950011996,0.2121036185661383,0.3055779506114766,0.20520134091682715,7.0,114.1,86.0
115917,14797,GP,2026-06-13,5,0,6.0,1.1,0.7617892972203838,0.5382254378482688,0.832402444369469,0.7403990825329245,3.0,123.5,85.0
115918,14797,GP,2026-06-13,5,0,7.0,9.9,0.3153233276212109,0.3478373478920706,0.24515477110383804,0.2859784450571237,11.0,114.7,88.0
115919,14798,GP,2026-06-13,6,1,1.0,3.6,0.6087998111189742,0.4884217725477716,0.5047106555015951,0.43426292352917084,5.5,111.1,
115920,14798,GP,2026-06-13,6,1,2.0,2.7,0.6795069663064895,0.6071719607619104,0.6144470617778429,0.5591954206516996,4.0,,
115921,14798,GP,2026-06-13,6,1,3.0,0.8,0.855059702629401,0.7112441247753524,0.769491787924996,0.7042206449587514,2.6,115.1,69.0
115922,14798,GP,2026-06-13,6,0,4.0,17.4,0.238355748282326,0.1926607574299131,0.2821107209358483,0.18745083124676745,16.0,103.5,64.0
115923,14798,GP,2026-06-13,6,0,5.0,8.3,0.4145545171699389,0.6852786142341464,0.43050185875843894,0.7618192450671224,6.0,111.1,71.0
115924,14798,GP,2026-06-13,6,0,6.0,44.2,0.1390906361872025,0.416011188630619,0.09416875888876039,0.3396059225169923,13.0,115.6,
115925,14799,GP,2026-06-13,7,1,1.0,2.3,0.6154443153372644,0.51991277773151,0.7011771818873768,0.7577285612669951,3.5,114.9,80.0
115926,14799,GP,2026-06-13,7,1,2.0,17.8,0.1971931470070051,0.1577099099902067,0.25964720879648023,0.18589518252560241,13.0,110.0,80.0
115927,14799,GP,2026-06-13,7,1,3.0,3.5,0.5116243358198179,0.3353356125084805,0.5344514095387278,0.4266317126592515,5.0,111.7,78.0
115928,14799,GP,2026-06-13,7,0,4.0,21.9,0.182664041941524,0.3165703764089579,0.1795557919980367,0.24671720430209268,16.0,112.6,72.0
115929,14799,GP,2026-06-13,7,0,5.0,2.9,0.5478431020192307,0.2768760570993629,0.41915605651079835,0.23782549208034917,4.5,111.4,81.0
115930,14799,GP,2026-06-13,7,0,6.0,40.2,0.1204208547325566,0.2556060554451687,0.09565765606669899,0.08965051010411494,21.0,105.3,73.0
115931,14799,GP,2026-06-13,7,0,7.0,13.7,0.2530698757944637,0.455915462561584,0.42314373167753677,0.5500566310350196,,107.7,64.0
115932,14799,GP,2026-06-13,7,0,8.0,3.0,0.5494594158600593,0.3825483749147237,0.528951828451592,0.4759092764614145,4.0,111.9,75.0
115933,14800,GP,2026-06-13,8,1,1.0,5.7,0.3989760476960344,0.3259740712311466,0.41707109430686856,0.4272538495669592,11.0,117.1,87.0
115934,14800,GP,2026-06-13,8,1,2.0,2.1,0.6312140366724984,0.5947182631427094,0.6211865106355174,0.6118544318372651,5.5,121.4,87.0
115935,14800,GP,2026-06-13,8,1,3.0,5.3,0.4336953028980648,0.5826203726654093,0.49461488743719795,0.71515322493865,5.0,117.1,89.0
115936,14800,GP,2026-06-13,8,0,4.0,3.3,0.5254111690672125,0.4298722615609079,0.6855487720114438,0.6867784701165316,2.6,117.2,84.0
115937,14800,GP,2026-06-13,8,0,5.0,3.4,0.5375902300004832,0.6709553589937982,0.6521164185378309,0.7868116851517183,4.5,119.6,82.0
115938,14800,GP,2026-06-13,8,0,6.0,8.9,0.3133409422680123,0.334420967251133,0.39308976202967183,0.4268413824171929,7.0,112.1,83.0
115939,14800,GP,2026-06-13,8,0,7.0,31.0,0.1368871702234512,0.1717943456948132,0.16761993863028504,0.10475973971282404,21.0,106.6,77.0
115940,14801,GP,2026-06-13,9,1,1.0,1.4,0.7068716429903638,0.5146002779534634,0.7854460449338567,0.6903213288937845,3.5,117.6,84.0
115941,14801,GP,2026-06-13,9,1,2.0,6.0,0.4054155450773791,0.4145114914500572,0.2667315722519641,0.2712800324596222,7.0,113.4,86.0
115942,14801,GP,2026-06-13,9,1,3.0,3.0,0.5595463992163634,0.4579118374138237,0.5471543876206127,0.4747560204966861,5.0,112.8,76.0
115943,14801,GP,2026-06-13,9,0,4.0,5.8,0.4158481905709769,0.4584018551149828,0.43255633536002014,0.5520492755927215,6.0,114.5,78.0
115944,14801,GP,2026-06-13,9,0,5.0,7.4,0.3472934783654214,0.2263021932668524,0.32652802830130895,0.12434638335544962,11.0,107.9,71.0
115945,14801,GP,2026-06-13,9,0,6.0,21.3,0.1871790473766451,0.289736330993934,0.06309167297976148,0.05849812161075557,13.0,107.1,78.0
115946,14801,GP,2026-06-13,9,0,7.0,82.7,0.0719947845656347,0.1671079212866225,0.03147669279862253,0.014758149047205725,31.0,100.2,73.0
115947,14801,GP,2026-06-13,9,0,8.0,93.6,0.0636810866749349,0.1068164746500168,0.02261913084048867,0.014665158147867587,21.0,105.6,68.0
115948,14801,GP,2026-06-13,9,0,9.0,84.5,0.0684872347351719,0.1085981390554101,0.028421434527277422,0.013507201101653519,21.0,102.0,83.0
115949,14801,GP,2026-06-13,9,0,10.0,13.1,0.2476584431041612,0.2155291130648578,0.24858563142188153,0.16205747335500992,13.0,111.1,77.0
115950,14802,GP,2026-06-13,10,1,1.0,1.1,0.8087728000523012,0.5301765141641973,0.8235197648896666,0.6769484842868712,5.0,123.6,88.0
115951,14802,GP,2026-06-13,10,1,2.0,1.9,0.7354509978714102,0.6165006718981645,0.7783177888500363,0.7607051331436218,4.0,122.9,87.0
115952,14802,GP,2026-06-13,10,1,3.0,12.2,0.3051215261171318,0.3990741614709638,0.3820446171420818,0.32966237631789375,16.0,118.6,89.0
115953,14802,GP,2026-06-13,10,0,4.0,7.3,0.4014776308169661,0.2801001075282929,0.33802299351306125,0.17921826903063667,6.0,112.4,93.0
115954,14802,GP,2026-06-13,10,0,5.0,3.8,0.5928168409239752,0.6154512045188415,0.6399870917000264,0.6961142649403117,7.0,122.1,88.0
115955,14803,GP,2026-06-13,11,1,1.0,3.2,0.5340348226048376,0.5295972179933004,0.5950327348391861,0.6436070651444138,4.5,110.5,73.0
115956,14803,GP,2026-06-13,11,1,2.0,2.2,0.6187653133704656,0.633663841170767,0.5622271176923878,0.7050278654046552,3.5,115.4,76.0
115957,14803,GP,2026-06-13,11,1,3.0,25.4,0.1665165461142924,0.398463216442657,0.28151909177538254,0.5114787997077807,13.0,107.2,68.0
115958,14803,GP,2026-06-13,11,0,4.0,16.1,0.2254360992314547,0.465358899572723,0.24091305835710516,0.456363710154391,9.0,,
115959,14803,GP,2026-06-13,11,0,5.0,4.3,0.475577883384338,0.5982260395112114,0.3367374122499545,0.4718712750397466,,,
115960,14803,GP,2026-06-13,11,0,6.0,12.6,0.2558992269203595,0.374037743450743,0.19043581826131406,0.28066838993059123,11.0,,
115961,14803,GP,2026-06-13,11,0,7.0,4.7,0.4402586358487554,0.3848694559216707,0.3816306328921963,0.36225721182570214,,110.5,
115962,14803,GP,2026-06-13,11,0,8.0,6.7,0.3658487566763397,0.3649853430808003,0.3681025217937875,0.3683276753715002,9.0,115.4,
115963,14804,GP,2026-06-14,1,1,1.0,2.4,0.6317996169599653,0.4633805500631581,0.511545866546301,0.4617289152189548,3.0,113.0,81.0
115964,14804,GP,2026-06-14,1,1,2.0,3.9,0.512302569805987,0.2923199794017023,0.7138367600189854,0.5520968277872133,7.0,109.8,76.0
115965,14804,GP,2026-06-14,1,1,3.0,1.4,0.7284761866360138,0.4692097383397799,0.7426668561659904,0.6109108465610373,2.6,114.3,82.0
115966,14804,GP,2026-06-14,1,0,4.0,60.7,0.0921299936408917,0.1506175444177506,0.06695972708994204,0.06639058959431197,21.0,100.4,78.0
115967,14804,GP,2026-06-14,1,0,5.0,59.8,0.0906233560084362,0.1071274764826884,0.09854260604608876,0.06969174029056233,21.0,93.9,66.0
115968,14804,GP,2026-06-14,1,0,6.0,7.8,0.3649856517569367,0.3836215424717361,0.45486628405976254,0.4757411936394201,9.0,108.6,67.0
115969,14804,GP,2026-06-14,1,0,7.0,8.5,0.3278008685587099,0.1596338101670199,0.2734368424507654,0.14965604837196428,9.0,107.1,83.0
115970,14804,GP,2026-06-14,1,0,8.0,20.5,0.1938398182844562,0.1985573674878323,0.18163867798531266,0.18961606124647934,16.0,103.8,82.0
115971,14805,GP,2026-06-14,2,1,1.0,2.6,0.6543016561016677,0.7285034164303545,0.5188095835223789,0.6536618459858741,5.5,119.5,
115972,14805,GP,2026-06-14,2,1,2.0,9.7,0.3257246454965187,0.2725132884199777,0.25748544114925614,0.23609750237572613,7.0,,
115973,14805,GP,2026-06-14,2,1,3.0,8.1,0.3750608264688162,0.4473488196157313,0.4357377539195684,0.3500167352423253,21.0,112.2,67.0
115974,14805,GP,2026-06-14,2,0,4.0,1.0,0.7913145479946805,0.4805599048687637,0.8450834598429117,0.6352616165059424,3.0,,
115975,14805,GP,2026-06-14,2,0,5.0,4.2,0.5294765578801035,0.4868914579914207,0.3753722211824259,0.36488648031735726,4.5,,
115976,14805,GP,2026-06-14,2,0,6.0,15.6,0.2527972422480818,0.4044611800272617,0.19163443156475024,0.27589653349686055,16.0,112.2,
115977,14806,GP,2026-06-14,3,1,1.0,4.4,0.45269360033661,0.5205162868935739,0.4644221059676598,0.6302496125383585,7.0,106.0,66.0
115978,14806,GP,2026-06-14,3,1,2.0,5.4,0.405593784253132,0.4571788503379679,0.6048917506500704,0.6882623087716301,7.0,102.3,67.0
115979,14806,GP,2026-06-14,3,1,3.0,5.3,0.4051366306519088,0.3998740030773443,0.4095004568870459,0.5597316805279896,6.0,104.6,78.0
115980,14806,GP,2026-06-14,3,1,3.0,5.5,0.3868000231612962,0.2671335604689903,0.45599481724365,0.41366324478627853,9.0,101.1,66.0
115981,14806,GP,2026-06-14,3,0,5.0,9.3,0.3054627949096458,0.4938681119738909,0.2812677266800956,0.4132518958957659,5.5,99.6,58.0
115982,14806,GP,2026-06-14,3,0,6.0,3.2,0.5007074043936028,0.2803701634130181,0.43839626419413663,0.3450986445479436,4.5,97.0,69.0
115983,14806,GP,2026-06-14,3,0,7.0,3.7,0.4818762585500107,0.4223135728647713,0.7371141969091021,0.7286973377622328,3.5,103.6,67.0
115984,14806,GP,2026-06-14,3,0,8.0,60.1,0.0886181065722696,0.2916675918051712,0.40011110223872554,0.6380572815232841,21.0,70.7,54.0
115985,14807,GP,2026-06-14,4,1,1.0,3.8,0.4821323972355079,0.3870507105687591,0.6156725284859369,0.5450109811164492,,118.4,64.0
115986,14807,GP,2026-06-14,4,1,2.0,12.6,0.2518857518399297,0.346637195992609,0.25786547277238886,0.29909330223802216,9.0,113.5,79.0
115987,14807,GP,2026-06-14,4,1,3.0,3.2,0.5346362735982613,0.5907234134276411,0.5553261368071477,0.6598889808980205,4.5,117.3,79.0
115988,14807,GP,2026-06-14,4,0,4.0,3.2,0.5204586577740891,0.4042242766835277,0.5336445178986144,0.3926113196894694,5.5,110.6,76.0
115989,14807,GP,2026-06-14,4,0,5.0,11.1,0.2711014157026218,0.3393216479164272,0.15473953045723432,0.2586987287745144,6.0,116.9,84.0
115990,14807,GP,2026-06-14,4,0,6.0,3.7,0.4905833618307245,0.4215831170222464,0.5390656516440876,0.5126396753867901,4.0,113.7,77.0
115991,14807,GP,2026-06-14,4,0,7.0,5.1,0.3991130606386809,0.1715218953594737,0.5669968151689696,0.31848303395071287,5.0,116.8,77.0
115992,14808,GP,2026-06-14,5,1,1.0,0.9,0.8198590163169416,0.7907179529645855,0.749312263231159,0.7884633632245234,,122.0,81.0
115993,14808,GP,2026-06-14,5,1,2.0,5.2,0.5049217288513221,0.7563121538915004,0.4533045206763033,0.7675686472552499,4.0,114.7,82.0
115994,14808,GP,2026-06-14,5,1,3.0,9.9,0.3536729046048514,0.665612153652231,0.4739920546596497,0.8476584248520005,,113.9,79.0
115995,14808,GP,2026-06-14,5,0,4.0,2.7,0.6338495024133508,0.5359534394305777,0.7614318240212126,0.7079827534417334,7.0,107.7,65.0
115996,14808,GP,2026-06-14,5,0,5.0,15.2,0.2779247612505337,0.6983069411700294,0.39731099673987413,0.7592072521641607,11.0,111.3,78.0
115997,14808,GP,2026-06-14,5,0,6.0,48.9,0.1210152627693836,0.36252728895511,0.11865307059761761,0.2306204501178215,21.0,108.7,73.0
115998,14808,GP,2026-06-14,5,0,7.0,8.9,0.3614816270588686,0.4747615928035009,0.3744492538627214,0.48469214141005174,5.0,110.3,72.0
115999,14809,GP,2026-06-14,6,1,1.0,4.1,0.4836622530606552,0.4688126265330117,0.4743067648939825,0.4340724791680072,,119.3,94.0
116000,14809,GP,2026-06-14,6,1,2.0,2.3,0.6231713313974726,0.6723756397694887,0.73049996098932,0.8033887622351876,5.5,124.7,85.0
116001,14809,GP,2026-06-14,6,1,3.0,3.7,0.5112254425761701,0.533203442818349,0.6275525945617169,0.554028037042848,16.0,120.9,86.0
116002,14809,GP,2026-06-14,6,0,4.0,3.9,0.5044742492722891,0.5969491364195391,0.6009925530611626,0.832998213916794,3.5,125.5,99.0
116003,14809,GP,2026-06-14,6,0,5.0,3.8,0.5165401435156699,0.6744632757590063,0.659984916546195,0.8336395922698224,5.0,122.8,87.0
116004,14809,GP,2026-06-14,6,0,6.0,10.0,0.3023259480724095,0.4492276593512451,0.4707571771816399,0.5740437151201396,9.0,121.2,89.0
116005,14810,GP,2026-06-14,7,1,1.0,4.8,0.4964626663090837,0.741815638386924,0.5074725341948915,0.7934744962433357,5.5,115.2,81.0
116006,14810,GP,2026-06-14,7,1,2.0,1.1,0.7586457298409656,0.5119787865202735,0.8583125235022787,0.6917548539138146,3.5,115.1,71.0
116007,14810,GP,2026-06-14,7,1,3.0,16.6,0.2390164454368441,0.4954126461159059,0.19828090435261822,0.3313551552996664,6.0,110.0,63.0
116008,14810,GP,2026-06-14,7,0,4.0,8.9,0.342122195950064,0.4554112186444138,0.3205225846800783,0.3979370913848979,7.0,111.0,72.0
116009,14810,GP,2026-06-14,7,0,5.0,3.4,0.5349945550945019,0.2658959765435107,0.49507690276419114,0.33411297167928394,4.0,112.9,78.0
116010,14810,GP,2026-06-14,7,0,6.0,13.3,0.2777141046942954,0.568851227631534,0.13187305534944282,0.2652870642948535,9.0,108.7,
116011,14810,GP,2026-06-14,7,0,7.0,7.3,0.3827799328949642,0.4702685865144397,0.20715655111719994,0.30258596085055356,7.0,115.6,74.0
116012,14811,GP,2026-06-14,8,1,1.0,12.6,0.2856887617383267,0.4511652282801945,0.17749862539000644,0.16852603913902187,16.0,124.9,91.0
116013,14811,GP,2026-06-14,8,1,2.0,3.8,0.5488114681647112,0.5630842904287623,0.5840122383686229,0.6057433510728107,7.0,130.0,94.0
116014,14811,GP,2026-06-14,8,1,3.0,1.2,0.7694375890779991,0.6380198878712724,0.7968829789940877,0.7319867463166111,2.8,133.9,98.0
116015,14811,GP,2026-06-14,8,0,4.0,5.8,0.4651348634995679,0.7481794373406779,0.49855736468020356,0.7855608299072879,5.0,129.6,90.0
116016,14811,GP,2026-06-14,8,0,5.0,22.3,0.184758952430676,0.1694611736705913,0.09971683311062629,0.04671948650166561,16.0,118.9,81.0
116017,14811,GP,2026-06-14,8,0,6.0,41.3,0.131665553179382,0.3637541192729087,0.14376513264243113,0.23096727207684398,16.0,124.5,88.0
116018,14811,GP,2026-06-14,8,0,7.0,2.8,0.6087837902757794,0.451728048027236,0.32177341443587754,0.2761815642803784,3.0,132.4,97.0
116019,14812,GP,2026-06-14,9,1,1.0,4.1,0.5144082519184519,0.5317603796870478,0.3125413492625749,0.3848512062357532,4.5,113.1,77.0
116020,14812,GP,2026-06-14,9,1,2.0,15.1,0.2347533728987958,0.2098677470052877,0.18500850005111838,0.157916162757904,9.0,101.8,75.0
116021,14812,GP,2026-06-14,9,1,3.0,3.3,0.5452401833473831,0.3103984380255692,0.5550468224460813,0.44517680668932763,4.0,113.1,78.0
116022,14812,GP,2026-06-14,9,0,4.0,1.1,0.7608379853302984,0.576148403621148,0.5850862330429827,0.42691941573750253,3.5,122.9,
116023,14812,GP,2026-06-14,9,0,5.0,17.4,0.2219728283438833,0.3159925860589964,0.18208450868044995,0.26019230467874305,9.0,104.8,
116024,14812,GP,2026-06-14,9,0,6.0,8.8,0.3293028162453742,0.2594888887427893,0.3523792576034548,0.2538114264960344,13.0,,
116025,14812,GP,2026-06-14,9,0,7.0,15.9,0.2336681108050242,0.2990300822939713,0.2288421775536593,0.2991805610156893,11.0,104.8,67.0
116026,14812,GP,2026-06-14,9,0,8.0,34.7,0.1412907788985872,0.2896274269573223,0.12467599748088849,0.21727824656150455,13.0,113.1,
116027,14812,GP,2026-06-14,9,0,9.0,59.6,0.0953233464773093,0.2072763408896426,0.054372721743048295,0.09989249848433678,16.0,106.0,78.0
170423,22515,CT,2026-06-18,1,1,1.0,2.5,0.6237553367524179,0.3953486044919307,0.7039938598603785,0.6322651554740958,5.0,94.0,66.0
170424,22515,CT,2026-06-18,1,1,2.0,2.0,0.6792937271879095,0.5583188639446451,0.6326571744957505,0.6288812619058501,,104.8,70.0
170425,22515,CT,2026-06-18,1,1,3.0,5.9,0.4250585118821002,0.4054922506516029,0.3156132186152423,0.37691608179167474,6.0,92.0,57.0
170426,22515,CT,2026-06-18,1,0,4.0,13.8,0.2496038779372646,0.2241912364144081,0.35079022002670984,0.360589088229774,11.0,85.8,73.0
170427,22515,CT,2026-06-18,1,0,5.0,1.9,0.6917321084540731,0.6034988168555588,0.6741485973317969,0.643905746493149,5.5,103.2,66.0
170428,22515,CT,2026-06-18,1,0,6.0,27.4,0.162656439862195,0.2461907384846411,0.2503436466167821,0.36564708394817014,11.0,82.9,79.0
170429,22515,CT,2026-06-18,1,0,7.0,71.7,0.0814116664860227,0.1443469606641717,0.08623923283028369,0.06569843488477782,31.0,83.0,58.0
170430,22516,CT,2026-06-18,2,1,1.0,6.9,0.3882172368367019,0.4591420825874477,0.4489954415692708,0.49466469379861827,9.0,112.7,74.0
170431,22516,CT,2026-06-18,2,1,2.0,3.0,0.5828255341004115,0.591219230786976,0.5158415482106277,0.618702943241724,11.0,116.3,84.0
170432,22516,CT,2026-06-18,2,1,3.0,9.3,0.3310244815862132,0.4869826637673852,0.2880777441068074,0.43578524333945967,6.0,110.6,79.0
170433,22516,CT,2026-06-18,2,0,4.0,4.4,0.4961045496506233,0.5768448562048105,0.2801995419104864,0.3202393337467186,7.0,113.2,77.0
170434,22516,CT,2026-06-18,2,0,5.0,1.4,0.7252725424244563,0.5805642835151327,0.7892964530710587,0.7992714332089426,1.6,121.8,82.0
170435,22516,CT,2026-06-18,2,0,6.0,6.1,0.4101833104206245,0.4032850777497331,0.2996941136138547,0.252365853881842,9.0,111.8,83.0
170436,22517,CT,2026-06-18,3,1,1.0,2.6,0.5880894345218696,0.4166512281016737,0.35935528354912705,0.28123076221763676,6.0,106.2,73.0
170437,22517,CT,2026-06-18,3,1,2.0,8.6,0.325811766977007,0.322971969593667,0.3870838247468567,0.4311618352923521,7.0,102.7,72.0
170438,22517,CT,2026-06-18,3,1,3.0,4.8,0.457336661670212,0.478102195035805,0.5070667859692255,0.5776486924070092,4.5,108.5,74.0
170439,22517,CT,2026-06-18,3,0,4.0,3.3,0.5498297019136937,0.5922870989432131,0.6138330522450997,0.768092168864232,4.0,110.5,78.0
170440,22517,CT,2026-06-18,3,0,5.0,2.0,0.6558423066850814,0.6308694087789075,0.6860156333379555,0.6915262384033376,2.8,109.3,68.0
170441,22517,CT,2026-06-18,3,0,6.0,24.0,0.1765576525153673,0.368447928122994,0.28144279675917944,0.3994328813284461,16.0,101.3,72.0
170442,22517,CT,2026-06-18,3,0,7.0,16.4,0.217120312881665,0.2497192320923481,0.39065055853800357,0.355990691884074,16.0,108.6,75.0
170443,22518,CT,2026-06-18,4,1,1.0,0.8,0.8759859996751773,0.88333039067624,0.937253847232786,0.9503506080351157,2.8,118.6,71.0
170444,22518,CT,2026-06-18,4,1,2.0,2.2,0.7375626874125272,0.6097032338625145,0.7412933943454953,0.6426902463928224,4.0,116.5,77.0
170445,22518,CT,2026-06-18,4,1,3.0,10.9,0.3434880542413124,0.4350124353526941,0.2543445890593358,0.3338096311011964,11.0,103.8,81.0
170446,22518,CT,2026-06-18,4,0,4.0,3.3,0.6534119462035458,0.5359194669201467,0.6651597184358291,0.66652578389446,4.5,115.6,82.0
170447,22518,CT,2026-06-18,4,0,5.0,46.8,0.1320424110221183,0.3177049016485531,0.17121927505739015,0.32327085440424613,16.0,104.1,67.0
170448,22518,CT,2026-06-18,4,0,6.0,25.0,0.1997558875470106,0.3213738789013404,0.29876242588305985,0.38183306250878124,13.0,106.3,72.0
170449,22519,CT,2026-06-18,5,1,1.0,3.4,0.5159284831833059,0.4876304825848966,0.44955217601533654,0.40617054012807674,6.0,119.1,102.0
170450,22519,CT,2026-06-18,5,1,2.0,3.0,0.5247585779697684,0.2669953519426943,0.5723301491220476,0.5050783046545255,3.0,119.8,90.0
170451,22519,CT,2026-06-18,5,1,3.0,30.3,0.1398176350012529,0.2216385016553252,0.12815291819851574,0.0947435337370237,21.0,111.1,81.0
170452,22519,CT,2026-06-18,5,0,4.0,2.8,0.5505030952052232,0.3971006721672234,0.45492182649758584,0.2935978421035114,5.5,114.6,78.0
170453,22519,CT,2026-06-18,5,0,5.0,4.1,0.4600595413613658,0.2961275481277391,0.45678036876522937,0.38108967200933697,5.0,118.0,85.0
170454,22519,CT,2026-06-18,5,0,6.0,30.1,0.1401414999376836,0.2162381491886158,0.19115804663927138,0.1271022625412668,21.0,110.3,80.0
170455,22519,CT,2026-06-18,5,0,7.0,12.9,0.2438521400932441,0.2657781896575352,0.3536461896824028,0.28000655100156796,13.0,113.1,75.0
170456,22519,CT,2026-06-18,5,0,8.0,5.6,0.3926689422865999,0.2776969282138149,0.3957097282331955,0.32484799171322115,7.0,116.5,88.0
170457,22520,CT,2026-06-18,6,1,1.0,2.1,0.6063645047963205,0.3836871018782704,0.6057662406873419,0.4588241479856651,4.0,113.8,78.0
170458,22520,CT,2026-06-18,6,1,2.0,5.9,0.3963683751546761,0.4609661135761498,0.5369806575624267,0.7162791035045017,3.5,118.5,79.0
170459,22520,CT,2026-06-18,6,1,3.0,10.1,0.2817567244338098,0.2587611979860943,0.32116218649077527,0.1713290988221386,16.0,113.0,77.0
170460,22520,CT,2026-06-18,6,0,4.0,3.5,0.4982006971421694,0.3509349599476794,0.5568157567152621,0.35219474287262786,13.0,114.0,83.0
170461,22520,CT,2026-06-18,6,0,5.0,5.2,0.4143661371626848,0.3553914047558982,0.42527000365936474,0.42187488658159983,7.0,111.7,81.0
170462,22520,CT,2026-06-18,6,0,6.0,7.5,0.3341444575494169,0.2608060832473901,0.5169701779642992,0.5933996821829719,5.0,115.4,81.0
170463,22520,CT,2026-06-18,6,0,7.0,6.1,0.3842800480160077,0.3881700620861235,0.25970646480405035,0.26544917436621274,5.5,113.7,80.0
170464,22520,CT,2026-06-18,6,0,8.0,64.6,0.0846314385210793,0.2391162991333855,0.05763398481849914,0.1628031484448238,13.0,100.6,85.0
170465,22521,CT,2026-06-18,7,1,1.0,0.1,0.9696770604129444,0.6157018027446889,0.9574244961772376,0.5985807554805481,1.6,124.4,
170466,22521,CT,2026-06-18,7,1,2.0,6.3,0.6423645734419869,0.4720929247892033,0.528931760799755,0.300320159036171,7.0,113.9,79.0
170467,22521,CT,2026-06-18,7,1,3.0,23.7,0.3199385805773734,0.6128744923803641,0.3645123546579936,0.7169029453350506,7.0,115.9,77.0
170468,22521,CT,2026-06-18,7,0,4.0,8.0,0.5969137507572295,0.6640249733320702,0.6066929281359676,0.7158285014151808,6.0,115.2,80.0
170469,22521,CT,2026-06-18,7,0,5.0,22.5,0.3170120297952133,0.4142324983181489,0.29343260749287536,0.39160229997128776,13.0,109.3,78.0
170470,22521,CT,2026-06-18,7,0,6.0,59.8,0.1750026414612609,0.5601175270532822,0.07861150239157357,0.26032491854649414,16.0,108.3,82.0
170471,22522,CT,2026-06-18,8,1,1.0,0.7,0.8547294362526673,0.7433709135439992,0.904021505412067,0.900579690006761,2.2,112.4,74.0
170472,22522,CT,2026-06-18,8,1,2.0,3.2,0.6032903372628902,0.2923391832649513,0.4700936547026106,0.24519572387742486,5.0,106.6,68.0
170473,22522,CT,2026-06-18,8,1,3.0,25.3,0.1948989212183771,0.3207811782942478,0.2835321440453336,0.4059417926658675,16.0,95.0,64.0
170474,22522,CT,2026-06-18,8,0,4.0,68.9,0.093159904990629,0.1403974971859085,0.13441190868325795,0.1345946251859522,21.0,94.7,69.0
170475,22522,CT,2026-06-18,8,0,5.0,8.8,0.3747595240314836,0.3583426348414925,0.4291385184616257,0.5222463438820087,7.0,100.7,66.0
170476,22522,CT,2026-06-18,8,0,6.0,14.1,0.2823631020038508,0.3371844947190905,0.28160720768937264,0.39823312863509536,7.0,99.7,69.0
170477,22522,CT,2026-06-18,8,0,7.0,5.6,0.4891593192881615,0.4895383256025265,0.5929602821857985,0.6758910916459494,6.0,101.3,68.0
170478,22522,CT,2026-06-18,8,0,8.0,42.4,0.1310365868104752,0.1608167612181183,0.15338408608473864,0.16917727741112723,16.0,95.1,67.0
116028,14813,GP,2026-06-19,1,1,1.0,2.0,0.6458031349364938,0.4733725398566975,0.7574920124604315,0.7024643012145928,2.8,114.4,81.0
116029,14813,GP,2026-06-19,1,1,2.0,17.1,0.2089353764307848,0.1961277971420459,0.1768097035096966,0.10700126326399198,16.0,105.6,75.0
116030,14813,GP,2026-06-19,1,1,3.0,4.5,0.4767330636722872,0.5088385385669182,0.3673187436442718,0.40999974796797484,4.5,111.5,75.0
116031,14813,GP,2026-06-19,1,0,4.0,18.9,0.1981743996671178,0.224637854472937,0.4564011531227098,0.39877929189783806,16.0,106.1,83.0
116032,14813,GP,2026-06-19,1,0,5.0,2.0,0.6525722923352195,0.5714572879194377,0.5291122234735691,0.506881695594317,3.5,117.3,76.0
116033,14813,GP,2026-06-19,1,0,6.0,9.0,0.3221310423408541,0.360314708153744,0.3467194930074696,0.4439472954823586,7.0,113.4,79.0
116034,14813,GP,2026-06-19,1,0,7.0,6.2,0.4058851014846831,0.4989045052109974,0.5160406707679751,0.6748286897298905,9.0,112.6,92.0
116035,14813,GP,2026-06-19,1,0,8.0,41.1,0.1267465101396033,0.4202116447172254,0.06661385131567162,0.12999281471042864,21.0,105.8,70.0
116036,14814,GP,2026-06-19,2,1,1.0,3.1,0.6150736244426583,0.7659307969298083,0.7882852291128529,0.9198543914902598,3.5,108.9,78.0
116037,14814,GP,2026-06-19,2,1,2.0,2.2,0.6588647419721494,0.3993168241413091,0.7319964250058555,0.6049744459040349,4.5,111.5,72.0
116038,14814,GP,2026-06-19,2,1,3.0,31.3,0.1578924708221658,0.3765415428977067,0.13967414023284042,0.2628187825999316,16.0,99.7,57.0
116039,14814,GP,2026-06-19,2,0,4.0,6.8,0.4087433657574977,0.506222895953119,0.3835484400119725,0.45326083519816107,9.0,108.9,
116040,14814,GP,2026-06-19,2,0,5.0,1.4,0.7523213114788655,0.6423157614481586,0.7445639944506083,0.7408362484898696,3.0,112.9,72.0
116041,14814,GP,2026-06-19,2,0,6.0,9.7,0.3397447022462431,0.5687175478508362,0.3328172528105892,0.4707983940072592,9.0,99.7,
116042,14815,GP,2026-06-19,3,1,1.0,0.7,0.8570661616178606,0.4732911268150926,0.9026809838496713,0.6963138683705761,2.8,120.9,90.0
116043,14815,GP,2026-06-19,3,1,2.0,4.7,0.5271350987256063,0.3064998598275812,0.5262835984744062,0.38016952454879693,9.0,117.9,85.0
116044,14815,GP,2026-06-19,3,1,3.0,3.1,0.6502540120097247,0.6242120727688618,0.7106603352321336,0.7012187224392467,3.5,118.3,84.0
116045,14815,GP,2026-06-19,3,0,4.0,12.6,0.3069997598015488,0.354987748690736,0.2385453797752335,0.2078523223091012,11.0,113.4,79.0
116046,14815,GP,2026-06-19,3,0,5.0,5.6,0.4811069751127539,0.2935906853257483,0.5275353755474909,0.36438980124118747,5.0,118.7,86.0
116047,14816,GP,2026-06-19,4,1,1.0,2.0,0.6982028319292997,0.6581873179931368,0.6634313939425587,0.7468164662696016,,124.6,84.0
116048,14816,GP,2026-06-19,4,1,2.0,1.5,0.7456117808732842,0.6396568524812012,0.6601749435137129,0.542733552445999,3.5,116.3,82.0
116049,14816,GP,2026-06-19,4,1,3.0,38.0,0.1338839874293463,0.2447062011079142,0.0892434809631084,0.0679642672649212,21.0,107.7,77.0
116050,14816,GP,2026-06-19,4,0,4.0,4.8,0.4991783593696651,0.6116874374353647,0.44114633214152593,0.5757130725709128,4.0,114.7,82.0
116051,14816,GP,2026-06-19,4,0,5.0,15.5,0.2443183599586827,0.3233905444738728,0.34788612532864904,0.41502946262554524,11.0,113.1,85.0
116052,14816,GP,2026-06-19,4,0,6.0,3.3,0.5862737712399825,0.558227762973122,0.5511776465643711,0.5290453043147505,7.0,112.4,86.0
116053,14817,GP,2026-06-19,5,1,1.0,3.0,0.5652914484826721,0.436212560549729,0.47319121556555716,0.35026502161660755,5.5,114.1,84.0
116054,14817,GP,2026-06-19,5,1,2.0,1.9,0.6545438508472797,0.3751346821850846,0.7611484548450642,0.6471039715335268,4.5,116.2,90.0
116055,14817,GP,2026-06-19,5,1,3.0,2.6,0.583576205897898,0.2793887556425879,0.6764119093214923,0.4859907339960797,3.0,116.9,93.0
116056,14817,GP,2026-06-19,5,0,4.0,7.0,0.3700921424810799,0.3351778015385696,0.2653708645739009,0.23029382486723116,9.0,111.9,86.0
116057,14817,GP,2026-06-19,5,0,5.0,5.0,0.4322581770212057,0.2315368757494611,0.4593459041696516,0.25371848511655054,9.0,114.6,84.0
116058,14817,GP,2026-06-19,5,0,6.0,36.0,0.133655457627947,0.2891563684229971,0.0916622659452026,0.16170748168781976,16.0,109.0,83.0
116059,14817,GP,2026-06-19,5,0,7.0,31.5,0.1481850033358948,0.3394282576998825,0.25344374539162356,0.2883328100304841,21.0,105.8,82.0
116060,14818,GP,2026-06-19,6,1,1.0,0.9,0.8115864214361678,0.6772697677886007,0.889289744245058,0.8823940187041706,2.4,127.3,88.0
116061,14818,GP,2026-06-19,6,1,2.0,4.1,0.5405462259739461,0.5813515615047335,0.6280963109652125,0.7157162878379523,4.0,123.9,85.0
116062,14818,GP,2026-06-19,6,1,3.0,5.2,0.4796097020927166,0.5114024478395667,0.4319020588181286,0.5473263437494496,4.5,122.7,88.0
116063,14818,GP,2026-06-19,6,0,4.0,16.9,0.2394358793098703,0.3645803751968497,0.23397795141168087,0.35108681121521423,9.0,119.3,85.0
116064,14818,GP,2026-06-19,6,0,5.0,8.4,0.3649501553114862,0.3973183658366485,0.33749285773498483,0.4473432489303142,5.0,116.1,81.0
116065,14818,GP,2026-06-19,6,0,6.0,4.7,0.4979456054478922,0.4404111454255008,0.5918723890982688,0.4941000418752572,11.0,115.9,88.0
116066,14819,GP,2026-06-19,7,1,1.0,1.6,0.7266430237717666,0.6061885895591261,0.7017860846034681,0.713439613890798,3.5,118.6,85.0
116067,14819,GP,2026-06-19,7,1,2.0,3.8,0.534376394909145,0.3485714201243354,0.6278708299199388,0.5332332497420874,5.0,115.1,86.0
116068,14819,GP,2026-06-19,7,1,3.0,1.8,0.7006517445874534,0.5068548891949861,0.7260239359153671,0.649065674977508,2.6,118.0,82.0
116069,14819,GP,2026-06-19,7,0,4.0,41.5,0.1290065058732334,0.3110927425725611,0.19417870397417772,0.26735530172803185,16.0,112.3,72.0
116070,14819,GP,2026-06-19,7,0,5.0,25.4,0.1802524227261603,0.3536188529260943,0.09494050082454918,0.09640379030344144,16.0,106.3,74.0
116071,14819,GP,2026-06-19,7,0,6.0,8.0,0.3691564255682855,0.4241632471065544,0.38230405508918436,0.3769910219399781,9.0,112.9,76.0
116072,14819,GP,2026-06-19,7,0,7.0,10.2,0.3271489296881807,0.5110853524745234,0.3753420847746069,0.5562484935118406,5.5,114.4,78.0
116073,14820,GP,2026-06-19,8,1,1.0,0.8,0.8226589184774739,0.6393902621653357,0.9311376133948305,0.8834958492992998,2.8,124.6,90.0
116074,14820,GP,2026-06-19,8,1,2.0,4.3,0.5215569567839414,0.4277464034096553,0.5859420492541793,0.6045274378664472,5.5,116.0,82.0
116075,14820,GP,2026-06-19,8,1,3.0,27.9,0.1634123212434593,0.1471846115781725,0.1217201065803567,0.07265970774974186,21.0,113.9,94.0
116076,14820,GP,2026-06-19,8,0,4.0,5.9,0.4296688894381101,0.2168141096745794,0.5133828807789053,0.39494248723879155,5.0,118.6,82.0
116077,14820,GP,2026-06-19,8,0,5.0,7.8,0.3647774254761626,0.1809665521167108,0.3576790955314746,0.12057652054925005,13.0,112.4,81.0
116078,14820,GP,2026-06-19,8,0,6.0,5.3,0.4501230898380072,0.1815358173971453,0.32486674302959917,0.18562573011584396,4.0,117.4,88.0
116079,14820,GP,2026-06-19,8,0,7.0,32.1,0.1441894027477708,0.0941143812520412,0.1130146984373932,0.0847701401018302,9.0,111.6,80.0
116080,14821,GP,2026-06-19,9,1,1.0,4.8,0.4728076595647153,0.5156804486489175,0.41539921633779636,0.5667362670182934,6.0,119.7,83.0
116081,14821,GP,2026-06-19,9,1,2.0,1.8,0.6927537215963828,0.6331946232695134,0.6376107143471598,0.6608627596610801,3.5,122.1,85.0
116082,14821,GP,2026-06-19,9,1,3.0,19.0,0.2152057572457441,0.472673262949499,0.35513811353395075,0.4987381056171863,21.0,118.2,87.0
116083,14821,GP,2026-06-19,9,0,4.0,10.5,0.2844722829099189,0.1692592721472499,0.3163668607062636,0.16508660141336415,11.0,111.7,98.0
116084,14821,GP,2026-06-19,9,0,5.0,3.0,0.5774867449150991,0.4589585466285008,0.39093256860930053,0.27459274158317915,4.5,116.5,86.0
116085,14821,GP,2026-06-19,9,0,6.0,2.2,0.64228317364385,0.4476622604419318,0.5009637922849784,0.3877005363142985,4.0,122.6,88.0
170479,22523,CT,2026-06-19,1,1,1.0,1.6,0.7741004204050033,0.7772095612890063,0.7559341702679648,0.8131803365457299,2.4,127.6,82.0
170480,22523,CT,2026-06-19,1,1,2.0,12.8,0.3185847461456129,0.5874928655736579,0.12281951474066645,0.1809307036806945,13.0,114.9,86.0
170481,22523,CT,2026-06-19,1,1,3.0,1.0,0.8245824975126471,0.6500412662806786,0.8172820678807832,0.7664017452382134,2.6,124.9,87.0
170482,22523,CT,2026-06-19,1,0,4.0,17.8,0.2453054889340744,0.3225472736314885,0.2869802246555405,0.297124860221851,16.0,109.2,80.0
170483,22523,CT,2026-06-19,1,0,5.0,6.8,0.4510982728780953,0.5050230743645358,0.42537162676506685,0.5638819277038954,11.0,112.3,84.0
170484,22523,CT,2026-06-19,1,0,6.0,9.6,0.3749398048764316,0.5592821799174068,0.1944121051184021,0.38272458381968505,4.5,121.6,80.0
170485,22524,CT,2026-06-19,2,1,1.0,0.8,0.8601081149260209,0.5817467901060033,0.8681240831440372,0.7450907692764541,3.5,97.4,62.0
170486,22524,CT,2026-06-19,2,1,2.0,8.2,0.4303598213059214,0.543233256967061,0.3945552406747025,0.5000277844284937,5.5,91.3,54.0
170487,22524,CT,2026-06-19,2,1,3.0,7.4,0.4462174422859815,0.4110668228267953,0.5649075358199929,0.5994121649529975,11.0,92.5,63.0
170488,22524,CT,2026-06-19,2,0,4.0,13.4,0.3146269735638894,0.4239355758185658,0.10952837111158377,0.12603932352864786,9.0,88.9,51.0
170489,22524,CT,2026-06-19,2,0,5.0,1.7,0.7684371055320461,0.4516256409811535,0.8386492560986191,0.701313363379694,4.5,97.8,57.0
170490,22524,CT,2026-06-19,2,0,6.0,59.7,0.1159194957012265,0.306844349350785,0.10370471801340048,0.15494743944697295,21.0,76.5,40.0
170491,22525,CT,2026-06-19,3,1,1.0,3.2,0.6896318659730737,0.4157637473707473,0.731350177787821,0.5632090530346676,5.0,110.9,78.0
170492,22525,CT,2026-06-19,3,1,2.0,0.4,0.922428536479458,0.7142080339300172,0.9125251928074957,0.7415435445594308,1.6,120.3,76.0
170493,22525,CT,2026-06-19,3,1,3.0,18.8,0.2847489907299524,0.5253565938264567,0.29854558993636787,0.4321550102042885,16.0,107.5,68.0
170494,22525,CT,2026-06-19,3,0,4.0,6.0,0.5405367346446251,0.3946525862043816,0.6946247109545175,0.7058949631248754,4.0,114.7,87.0
170495,22525,CT,2026-06-19,3,0,5.0,10.9,0.393281320292181,0.4972757917404253,0.20419260540905623,0.22885172546744847,13.0,110.4,67.0
170496,22525,CT,2026-06-19,3,0,6.0,67.7,0.1150812586131549,0.262329930429915,0.0516484548311034,0.08211477492292578,21.0,93.3,74.0
170497,22526,CT,2026-06-19,4,1,1.0,0.1,0.968337946408598,0.7287287418790936,0.9672087904734773,0.7937160804056261,2.2,123.4,84.0
170498,22526,CT,2026-06-19,4,1,2.0,8.7,0.5326600328719694,0.377698836066425,0.7038103982987811,0.6063154328357999,7.0,116.8,84.0
170499,22526,CT,2026-06-19,4,1,3.0,10.9,0.4836578940568242,0.5481353106722123,0.4269222290511336,0.5049971720046001,5.5,111.0,75.0
170500,22526,CT,2026-06-19,4,0,4.0,6.5,0.6198488973540404,0.5187358299088103,0.6734798331534232,0.6085750261973799,5.0,120.4,78.0
170501,22526,CT,2026-06-19,4,0,5.0,40.2,0.2133112164249161,0.4458578869555228,0.14581184444034018,0.30982496930383674,6.0,106.6,80.0
170502,22526,CT,2026-06-19,4,0,6.0,61.2,0.1613340503547865,0.4334210969536647,0.1701926560349954,0.3293194920397712,16.0,104.9,71.0
170503,22527,CT,2026-06-19,5,1,1.0,6.3,0.4151318199409863,0.338539093425114,0.5506922089506834,0.455561033178578,7.0,96.2,62.0
170504,22527,CT,2026-06-19,5,1,2.0,1.8,0.704795878984784,0.5431549097786976,0.5398300877625504,0.3462733263919385,2.8,105.1,64.0
170505,22527,CT,2026-06-19,5,1,3.0,1.5,0.736722669090063,0.5728457098950659,0.7121201299016592,0.6327327343885192,3.5,97.3,65.0
170506,22527,CT,2026-06-19,5,0,4.0,56.8,0.0981748343407476,0.1500087826844723,0.15504722980726224,0.15306499473323545,21.0,87.4,54.0
170507,22527,CT,2026-06-19,5,0,5.0,4.3,0.5122387896268298,0.4267665437988468,0.4472001554505259,0.4547931025964842,4.0,95.8,61.0
170508,22527,CT,2026-06-19,5,0,6.0,8.9,0.3260910507708474,0.1634450270021727,0.28212550347153015,0.16868137264188826,9.0,93.0,81.0
170509,22527,CT,2026-06-19,5,0,7.0,51.3,0.108103357922763,0.208130420234809,0.20223920096023548,0.29752441987805406,13.0,89.1,81.0
170510,22528,CT,2026-06-19,6,1,1.0,2.7,0.6037606330820718,0.4272393164507788,0.7967529541871128,0.6849092053388232,7.0,104.7,72.0
170511,22528,CT,2026-06-19,6,1,2.0,1.6,0.7148296579295197,0.5825227688843689,0.6018859492009196,0.4453361756588552,5.5,109.2,76.0
170512,22528,CT,2026-06-19,6,1,3.0,4.6,0.4917109639046933,0.57610333960449,0.5487719841342686,0.3791875028815589,21.0,103.0,74.0
170513,22528,CT,2026-06-19,6,0,4.0,16.6,0.2327091379553519,0.4111536841579523,0.16059069244412932,0.17809308208456678,16.0,101.1,80.0
170514,22528,CT,2026-06-19,6,0,5.0,21.2,0.1974100220731411,0.3655489649639217,0.15522124809327903,0.16924238889288976,11.0,102.4,73.0
170515,22528,CT,2026-06-19,6,0,6.0,2.6,0.6182989235447389,0.5168219594267087,0.7992893186618643,0.7735486269569628,4.5,112.0,89.0
170516,22528,CT,2026-06-19,6,0,7.0,67.3,0.0889078915820205,0.2614106090533568,0.12078626850110995,0.10760387075497971,31.0,90.6,68.0
170517,22529,CT,2026-06-19,7,1,1.0,2.5,0.6507905215711173,0.491469304127243,0.4398394429009651,0.3831433804159153,,97.7,62.0
170518,22529,CT,2026-06-19,7,1,2.0,7.7,0.3861915549558739,0.320627876014296,0.4113267084757664,0.4003972179122466,7.0,90.4,
170519,22529,CT,2026-06-19,7,1,3.0,0.9,0.8135922016344586,0.6311426992036286,0.8761432351931651,0.8225936673047322,4.0,96.9,63.0
170520,22529,CT,2026-06-19,7,0,4.0,12.2,0.3073571085857586,0.5005341611904016,0.20931674812891687,0.23231209512916623,16.0,80.4,38.0
170521,22529,CT,2026-06-19,7,0,5.0,26.5,0.1762772472321009,0.2212254655921897,0.12574754960532222,0.08593570241661115,21.0,87.8,53.0
170522,22529,CT,2026-06-19,7,0,6.0,12.2,0.2956224063406576,0.3235890836130126,0.1394835382995618,0.12863334440313873,16.0,89.9,59.0
170523,22529,CT,2026-06-19,7,0,7.0,8.5,0.3773801328456297,0.4858504587709749,0.3844515659078776,0.6657904270122778,4.5,101.2,65.0
170524,22530,CT,2026-06-19,8,1,1.0,1.8,0.6874771167786514,0.5416377968262017,0.6102656742430125,0.5225523147219927,2.8,109.6,74.0
170525,22530,CT,2026-06-19,8,1,2.0,2.9,0.5808165942265626,0.3851423970404336,0.5784215063796057,0.44122154583299855,5.5,109.6,65.0
170526,22530,CT,2026-06-19,8,1,3.0,2.2,0.6590372130279268,0.6697887723422834,0.6572685757707347,0.6675751781133791,3.5,111.4,73.0
170527,22530,CT,2026-06-19,8,0,4.0,5.3,0.4358467683677864,0.3155718604486498,0.31795367600697644,0.2789888393065352,6.0,109.9,
170528,22530,CT,2026-06-19,8,0,5.0,35.0,0.1289641738974184,0.1180083036608371,0.10430786219565147,0.047309272922947856,21.0,97.2,64.0
170529,22530,CT,2026-06-19,8,0,6.0,11.6,0.2871337654518881,0.4085792664133136,0.1813969643664742,0.23778582037118534,7.0,109.2,62.0
170530,22530,CT,2026-06-19,8,0,7.0,30.1,0.1525995144277514,0.2775845001833459,0.1983631593349039,0.2908601772042046,11.0,100.1,71.0
170531,22531,CT,2026-06-19,9,1,1.0,0.9,0.838594096390821,0.6032303647121954,0.8922709532553587,0.8228327076706672,2.4,111.4,73.0
170532,22531,CT,2026-06-19,9,1,2.0,8.3,0.3996771362454883,0.3063651572013395,0.23071376803148333,0.13855836862265475,13.0,102.2,80.0
170533,22531,CT,2026-06-19,9,1,3.0,1.6,0.7580792885737831,0.3791454188781593,0.820993363505945,0.602157703501388,4.0,108.4,80.0
170534,22531,CT,2026-06-19,9,0,4.0,47.6,0.1262274702205638,0.1811188637898527,0.11847255896828117,0.10091675925837544,16.0,95.1,67.0
170535,22531,CT,2026-06-19,9,0,5.0,8.5,0.3933167455816811,0.296947714152706,0.4401134934348671,0.31342304287013467,11.0,102.1,69.0
170536,22531,CT,2026-06-19,9,0,6.0,20.9,0.2253717088298847,0.2862891638837589,0.3102363229277538,0.28252888081343175,21.0,98.6,74.0
170537,22531,CT,2026-06-19,9,0,7.0,39.8,0.1463310384706097,0.2523106782007938,0.18451741274965977,0.21700786808119105,16.0,92.9,67.0
170538,22531,CT,2026-06-19,9,0,8.0,46.8,0.1306641512402317,0.2392016137370776,0.16395718221499014,0.1425969478941065,21.0,92.2,63.0
116086,14822,GP,2026-06-21,1,1,1.0,3.3,0.5424308626642322,0.5322871334523067,0.7137607999469721,0.7751806244464995,4.0,119.7,84.0
116087,14822,GP,2026-06-21,1,1,2.0,3.4,0.5394132833411199,0.579880030536594,0.6394352911470537,0.601393792728516,9.0,117.1,84.0
116088,14822,GP,2026-06-21,1,1,3.0,2.9,0.564346378282739,0.4462538016882961,0.5077214009787834,0.4319556740544988,2.8,118.6,84.0
116089,14822,GP,2026-06-21,1,0,4.0,2.1,0.6402016740988001,0.5747745872398643,0.8043126442412967,0.8003830060999487,3.0,120.8,85.0
116090,14822,GP,2026-06-21,1,0,5.0,46.2,0.1067415498631653,0.1783550151052313,0.07109396448521998,0.08803547363740316,21.0,119.7,78.0
116091,14822,GP,2026-06-21,1,0,6.0,11.1,0.2837908311190105,0.3923882156728406,0.522584150223559,0.6549460167940809,11.0,113.1,80.0
116092,14822,GP,2026-06-21,1,0,7.0,11.1,0.2648343329629275,0.1542989903054024,0.2503396487727754,0.1578449530801103,11.0,110.9,81.0
116093,14823,GP,2026-06-21,2,1,1.0,0.5,0.8735298028388978,0.5165698739819703,0.792422957478611,0.3955498892957642,2.8,,
116094,14823,GP,2026-06-21,2,1,2.0,7.3,0.4292968770728627,0.4006671148840436,0.35576593278153323,0.25730398519837266,13.0,,
116095,14823,GP,2026-06-21,2,1,3.0,12.4,0.321305938130453,0.4514319138746773,0.28135560727908066,0.40715659103544644,11.0,,
116096,14823,GP,2026-06-21,2,0,4.0,4.7,0.5362590462620239,0.442329887104373,0.41099749087554194,0.3745332566075175,7.0,100.7,
116097,14823,GP,2026-06-21,2,0,5.0,34.5,0.1697856265241156,0.4507911989193306,0.15975945123466553,0.34771098939184514,16.0,,
116098,14823,GP,2026-06-21,2,0,6.0,6.9,0.4524880192185989,0.5353272393236496,0.32795706990132983,0.4149924949107986,9.0,,
116099,14823,GP,2026-06-21,2,0,7.0,18.3,0.2463534697031337,0.3237040688346307,0.284009352387474,0.41069188474625606,9.0,100.7,44.0
116100,14824,GP,2026-06-21,3,1,1.0,1.0,0.8934152453037919,0.8557856746355439,0.8784488724528212,0.8862173537694371,2.2,126.8,89.0
116101,14824,GP,2026-06-21,3,1,2.0,1.0,0.8886143194690838,0.7548407992240798,0.9132413036279631,0.8643484874864537,2.4,133.9,96.0
116102,14824,GP,2026-06-21,3,1,3.0,12.2,0.4074470674946652,0.7032539410533603,0.3604117843823079,0.6928637627774847,9.0,119.3,88.0
116103,14824,GP,2026-06-21,3,0,4.0,22.9,0.2608449728982316,0.4496389434685447,0.42452623891654057,0.5754765063644778,16.0,115.8,73.0
116104,14824,GP,2026-06-21,3,0,5.0,8.0,0.5068440317759696,0.4809489569068093,0.6289322672898595,0.5575488713472952,11.0,115.1,84.0
116105,14825,GP,2026-06-21,4,1,1.0,7.9,0.3452627001407243,0.4149459350718677,0.2542021645451356,0.37555809862490297,5.5,110.9,70.0
116106,14825,GP,2026-06-21,4,1,2.0,3.0,0.5454821151798415,0.3404896579796956,0.6107735242494216,0.4799867452014702,9.0,111.1,88.0
116107,14825,GP,2026-06-21,4,1,3.0,17.1,0.2132356284500653,0.3086575160271084,0.1532454653218105,0.20689660721571088,9.0,100.5,70.0
116108,14825,GP,2026-06-21,4,0,4.0,1.8,0.6658391996022825,0.5896908274768047,0.576634311208483,0.5405497996365559,4.0,110.5,76.0
116109,14825,GP,2026-06-21,4,0,5.0,3.6,0.513602798667483,0.4408356724557821,0.5433941221147212,0.476787700031068,3.5,107.9,76.0
116110,14825,GP,2026-06-21,4,0,6.0,44.4,0.1067688173571077,0.1319985280134927,0.04297680897049925,0.03177076006524723,16.0,96.1,86.0
116111,14825,GP,2026-06-21,4,0,7.0,5.0,0.440848496972234,0.4370926053985056,0.4275111998144789,0.5015159959984926,4.5,108.6,73.0
116112,14825,GP,2026-06-21,4,0,8.0,22.3,0.1817753132827886,0.336963168659994,0.10793455208975083,0.10239482162959222,21.0,103.3,72.0
116113,14826,GP,2026-06-21,5,1,1.0,24.2,0.1748173568608357,0.175182364434887,0.25389743231796685,0.20745329237001028,16.0,97.3,67.0
116114,14826,GP,2026-06-21,5,1,2.0,2.5,0.628268821399306,0.3684059488664826,0.5956465603585035,0.3207140152097542,13.0,101.0,71.0
116115,14826,GP,2026-06-21,5,1,3.0,21.8,0.1855545951391628,0.1571010385517416,0.1314698838147701,0.08111832244575615,13.0,96.2,68.0
116116,14826,GP,2026-06-21,5,0,4.0,29.9,0.1499009522454962,0.1433129800153381,0.15720155870612898,0.08356569342385398,21.0,92.1,61.0
116117,14826,GP,2026-06-21,5,0,5.0,1.3,0.7560680303259067,0.5927895661808692,0.6737279292550733,0.5630726264403776,2.4,110.0,72.0
116118,14826,GP,2026-06-21,5,0,6.0,11.7,0.2954732400758108,0.4229970287927144,0.3390192906701741,0.5545063320927004,,99.9,70.0
116119,14826,GP,2026-06-21,5,0,7.0,2.8,0.6220722933560394,0.6073119991797175,0.45511475379104693,0.5091149194555026,2.8,110.9,65.0
116120,14826,GP,2026-06-21,5,0,8.0,20.7,0.1941880095745537,0.1852653958695363,0.09587926902276434,0.039386465126716924,21.0,91.8,62.0
116121,14827,GP,2026-06-21,6,1,1.0,4.6,0.5035408051926674,0.6995284399926053,0.5967776426456493,0.8002560430966595,3.5,125.5,88.0
116122,14827,GP,2026-06-21,6,1,2.0,3.4,0.570394259062732,0.6479602079599663,0.6212739009608302,0.7240195106769728,4.0,126.8,86.0
116123,14827,GP,2026-06-21,6,1,3.0,6.4,0.4089310374153008,0.4517341149596957,0.2620168292012765,0.19423302188499544,16.0,123.3,94.0
116124,14827,GP,2026-06-21,6,0,4.0,2.3,0.6618531816408298,0.7307090051480388,0.5532500124086752,0.6786777969934301,4.5,123.8,89.0
116125,14827,GP,2026-06-21,6,0,5.0,1.6,0.7257627335076979,0.7040692809932089,0.7688349269563723,0.7667090271790639,3.0,128.2,90.0
116126,14828,GP,2026-06-21,7,1,1.0,0.9,0.7936423118576966,0.5331023122692534,0.7583920010766492,0.6076997315084045,2.8,128.2,89.0
116127,14828,GP,2026-06-21,7,1,2.0,9.5,0.3346779955877542,0.3667557091303061,0.38820252956875734,0.45109340549936744,5.5,120.9,82.0
116128,14828,GP,2026-06-21,7,1,3.0,4.8,0.47459879820434,0.2962299445719185,0.5190363951594843,0.3695687564494616,9.0,122.2,84.0
116129,14828,GP,2026-06-21,7,0,4.0,22.5,0.1983453312981678,0.3660555722568686,0.26658157303695024,0.3495447063261063,13.0,121.4,84.0
116130,14828,GP,2026-06-21,7,0,5.0,4.0,0.5210224582448463,0.3579990898991774,0.4401552016979299,0.27588034157802604,5.0,120.7,91.0
116131,14828,GP,2026-06-21,7,0,6.0,15.6,0.2331749756378864,0.1522080587843645,0.14534339363590976,0.02549986731609777,31.0,116.3,86.0
116132,14828,GP,2026-06-21,7,0,7.0,23.7,0.1847253145956706,0.2365964920397968,0.11706939139741711,0.0845655010151504,13.0,117.5,87.0
116133,14828,GP,2026-06-21,7,0,8.0,27.0,0.1680484855806848,0.2082382918134437,0.2566413077339844,0.1500253376094994,16.0,114.8,82.0
116134,14828,GP,2026-06-21,7,0,9.0,24.6,0.186699120674934,0.3524576469137888,0.11112755693978335,0.08187127131294299,21.0,115.8,76.0
116135,14829,GP,2026-06-21,8,1,1.0,3.3,0.5711877559472042,0.6646754367859244,0.7041101997144967,0.8117632672801416,4.0,,84.0
116136,14829,GP,2026-06-21,8,1,2.0,1.3,0.7451633319204546,0.6752928208232188,0.5591202876304887,0.5990445234289432,3.0,133.7,95.0
116137,14829,GP,2026-06-21,8,1,3.0,3.5,0.5570218953189638,0.6515213884465186,0.4611822840380147,0.5857799797697643,5.0,135.0,94.0
116138,14829,GP,2026-06-21,8,0,4.0,25.5,0.1701427720284195,0.2690628051954455,0.13324366954262026,0.1452876669621168,21.0,116.3,80.0
116139,14829,GP,2026-06-21,8,0,5.0,22.7,0.1934942474276728,0.4694360899811676,0.2013251893698976,0.48112869258837415,9.0,121.8,93.0
116140,14829,GP,2026-06-21,8,0,6.0,9.3,0.339849228724036,0.5918177343534525,0.2555725854195457,0.5471213144152633,7.0,122.3,88.0
116141,14829,GP,2026-06-21,8,0,7.0,5.3,0.4501008707517229,0.4917880578611547,0.32662645941935814,0.4623770401544021,5.5,,
116142,14830,GP,2026-06-21,9,1,1.0,2.5,0.5902636616203192,0.4273790453868128,0.7350721854863727,0.6857739646018037,,111.6,75.0
116143,14830,GP,2026-06-21,9,1,2.0,1.7,0.6743761775452012,0.5847083378263176,0.703909456560925,0.6636425955534335,3.0,106.9,74.0
116144,14830,GP,2026-06-21,9,1,3.0,5.3,0.4195807918749565,0.3132555975902601,0.5601809054963582,0.501037794270613,11.0,110.9,83.0
116145,14830,GP,2026-06-21,9,0,4.0,6.0,0.392285028716084,0.2993058711293745,0.5022048195660213,0.38798214033894446,5.5,107.1,70.0
116146,14830,GP,2026-06-21,9,0,5.0,39.0,0.1246015990772103,0.2835913629290668,0.11923428378122011,0.0732816250590291,31.0,97.3,59.0
116147,14830,GP,2026-06-21,9,0,6.0,9.3,0.3092422980396594,0.3188113670438519,0.35192077120719367,0.3477663738165273,7.0,101.8,62.0
116148,14830,GP,2026-06-21,9,0,7.0,52.1,0.0930853486456532,0.087008052876645,0.08619675055020021,0.02860948601140646,21.0,86.1,35.0
116149,14830,GP,2026-06-21,9,0,8.0,25.0,0.1595427121097657,0.1626332963758952,0.2755592996640608,0.2384584464097205,13.0,102.4,65.0
116150,14830,GP,2026-06-21,9,0,9.0,16.2,0.2232005168063114,0.3415196004815101,0.1878080718235328,0.2556195241972746,9.0,101.6,69.0
116151,14830,GP,2026-06-21,9,0,10.0,38.8,0.1146673246836171,0.0970076212026668,0.0877986670746854,0.030120537330090506,21.0,95.2,63.0
170539,22532,CT,2026-06-25,1,1,1.0,0.2,0.9557138949757698,0.7426475457344224,0.9682016981728251,0.8434380409175327,2.4,99.4,65.0
170540,22532,CT,2026-06-25,1,1,2.0,40.9,0.1888156235244489,0.3088801547603597,0.19575778332849098,0.2673703633322392,11.0,79.1,40.0
170541,22532,CT,2026-06-25,1,1,3.0,4.2,0.7043443685898528,0.660594799228817,0.7367402723720518,0.7697027525719256,2.6,95.7,55.0
170542,22532,CT,2026-06-25,1,0,4.0,24.1,0.2675280844451549,0.3285365774452655,0.30543772823218224,0.3386320635060999,16.0,86.4,62.0
170543,22532,CT,2026-06-25,1,0,5.0,7.5,0.5602993786199607,0.5656733380269382,0.4617303257213687,0.4605975431100566,6.0,88.8,50.0
170544,22532,CT,2026-06-25,1,0,6.0,18.8,0.3403480573483622,0.7177607766282695,0.35616051962269324,0.7007166588458973,7.0,88.1,55.0
170545,22533,CT,2026-06-25,2,1,1.0,2.5,0.658147861809431,0.4567814065933238,0.6610464657747293,0.4986363244729688,13.0,100.8,66.0
170546,22533,CT,2026-06-25,2,1,2.0,1.3,0.7723951209385527,0.4894746770335309,0.7247628962560007,0.636148657263914,2.6,106.9,73.0
170547,22533,CT,2026-06-25,2,1,3.0,2.4,0.6910361598668702,0.7898981549200652,0.7173691810319064,0.8926688581837033,,101.4,76.0
170548,22533,CT,2026-06-25,2,0,4.0,7.6,0.4035735000395947,0.6110646211116907,0.5517670567482414,0.6513738564618492,9.0,98.0,59.0
170549,22533,CT,2026-06-25,2,0,5.0,13.2,0.269579002541329,0.2334151948428639,0.5118353639869706,0.4410661678526539,16.0,92.1,66.0
170550,22533,CT,2026-06-25,2,0,6.0,54.9,0.1044493435349216,0.181920266925877,0.1066234888300624,0.12426510081807328,21.0,88.4,50.0
170551,22534,CT,2026-06-25,3,1,1.0,3.8,0.5407440402518763,0.3998418842131192,0.43374438049212355,0.36249822458659225,6.0,114.4,85.0
170552,22534,CT,2026-06-25,3,1,2.0,3.1,0.6166477707825267,0.7661217184280051,0.5921263272399594,0.7820983218095438,3.5,117.7,80.0
170553,22534,CT,2026-06-25,3,1,3.0,1.1,0.7873776864394518,0.6570894356311914,0.7975623733635272,0.7413881202335272,3.0,119.4,79.0
170554,22534,CT,2026-06-25,3,0,4.0,20.0,0.2135470475863004,0.3902924139336413,0.19502450750104466,0.40089668230958037,9.0,110.4,77.0
170555,22534,CT,2026-06-25,3,0,5.0,15.4,0.2625753331694019,0.5852955537482252,0.17178720203083936,0.5576252157625082,5.5,115.3,77.0
170556,22534,CT,2026-06-25,3,0,6.0,4.3,0.53176174224257,0.6661672936719657,0.4889082923669459,0.6370530298534565,5.5,114.5,79.0
170557,22535,CT,2026-06-25,4,1,1.0,1.8,0.7097397408092799,0.6455213431322812,0.8051155029628426,0.8788522391846348,2.8,107.6,79.0
170558,22535,CT,2026-06-25,4,1,2.0,4.8,0.4933518289492415,0.5478704150509797,0.44121660980031374,0.577811608649967,5.5,95.0,71.0
170559,22535,CT,2026-06-25,4,1,3.0,5.3,0.4706326351062083,0.5603037851940752,0.47629317587653375,0.550598915286932,13.0,104.3,73.0
170560,22535,CT,2026-06-25,4,0,4.0,11.6,0.2977733018552914,0.4263821631884501,0.21917695635700377,0.36048733312697145,11.0,98.8,67.0
170561,22535,CT,2026-06-25,4,0,5.0,1.4,0.726630886958867,0.2685330718271742,0.7736290708470221,0.5900592376229743,2.2,114.8,80.0
170562,22535,CT,2026-06-25,4,0,6.0,18.8,0.2190877141560623,0.37494373986168,0.23018943053922258,0.31998458307302524,16.0,96.9,70.0
170563,22536,CT,2026-06-25,5,1,1.0,2.7,0.6289555502739558,0.4244140202991857,0.7651710617042989,0.6894646583282107,6.0,106.8,65.0
170564,22536,CT,2026-06-25,5,1,2.0,1.0,0.8006513523226368,0.5939584716266711,0.8419459734843957,0.8353823513909657,2.2,118.3,88.0
170565,22536,CT,2026-06-25,5,1,3.0,6.3,0.4425755925080069,0.5462779643541527,0.641171318642195,0.7371005490842562,9.0,103.6,74.0
170566,22536,CT,2026-06-25,5,0,4.0,18.6,0.2328853109333477,0.4642859739294369,0.16171042627159868,0.3508671771578518,9.0,102.8,71.0
170567,22536,CT,2026-06-25,5,0,5.0,4.7,0.5150744106474149,0.582790682037125,0.49147089542767247,0.6256796121829709,4.5,104.9,70.0
170568,22536,CT,2026-06-25,5,0,6.0,68.8,0.0948253542644285,0.3169306378225072,0.10745798600648537,0.22774382470733923,21.0,97.4,80.0
170569,22536,CT,2026-06-25,5,0,7.0,13.9,0.2727966628472574,0.3751054443099939,0.3915008806935683,0.6397934051252491,7.0,105.0,86.0
170570,22537,CT,2026-06-25,6,1,1.0,3.0,0.5322805608743453,0.1798022374176452,0.5703383269028302,0.37232786091387743,2.8,98.2,68.0
170571,22537,CT,2026-06-25,6,1,2.0,4.0,0.4953566487379502,0.473317806690667,0.6101418363617244,0.7195708955699095,4.5,98.2,76.0
170572,22537,CT,2026-06-25,6,1,3.0,9.9,0.2984959333455931,0.3127745208887196,0.3411847494051579,0.40277215412505535,11.0,97.8,65.0
170573,22537,CT,2026-06-25,6,0,4.0,1.7,0.670535194218921,0.4642844341816877,0.8369991056797829,0.7921179132731804,4.0,100.9,73.0
170574,22537,CT,2026-06-25,6,0,5.0,8.7,0.3276097164696925,0.3962627951174777,0.4944463442146359,0.5457718243541468,13.0,94.1,69.0
170575,22537,CT,2026-06-25,6,0,6.0,26.8,0.1539168197846161,0.1793960704160597,0.23594915488140808,0.22902871536601918,21.0,93.6,70.0
170576,22537,CT,2026-06-25,6,0,7.0,4.8,0.4330325566242486,0.2170856766096958,0.6707529542823222,0.4878661425095402,5.0,90.8,70.0
170577,22538,CT,2026-06-25,7,1,1.0,4.7,0.4750939004025373,0.4939433228322714,0.4999167981409565,0.6591546617985075,2.8,109.2,74.0
170578,22538,CT,2026-06-25,7,1,2.0,2.9,0.5796539315349792,0.43258611720373,0.6014214971601688,0.5554543802371315,5.5,112.2,71.0
170579,22538,CT,2026-06-25,7,1,3.0,4.7,0.4530853189480902,0.2317183130569613,0.47338272207418564,0.2523687127864508,11.0,104.0,66.0
170580,22538,CT,2026-06-25,7,0,4.0,1.5,0.7114765189282015,0.501613012936025,0.8611960103973675,0.8264674546899125,2.6,106.0,73.0
170581,22538,CT,2026-06-25,7,0,5.0,20.0,0.2050429900749142,0.401710456734723,0.12944410982202736,0.19363002904277682,13.0,100.4,67.0
170582,22538,CT,2026-06-25,7,0,6.0,5.2,0.4404212825526145,0.3412654646879119,0.33812896698107936,0.23626652196302295,6.0,103.8,64.0
170583,22539,CT,2026-06-25,8,1,1.0,1.7,0.6808063884123444,0.6035437812514802,0.798561590038464,0.8002852648980385,2.8,112.1,80.0
170584,22539,CT,2026-06-25,8,1,2.0,11.3,0.2801974381561738,0.3356826918832756,0.254047401593991,0.2479619087343542,11.0,101.3,82.0
170585,22539,CT,2026-06-25,8,1,3.0,10.1,0.3042109422744605,0.4079856060157582,0.4546424419025977,0.6545830771157012,6.0,106.8,80.0
170586,22539,CT,2026-06-25,8,0,4.0,2.2,0.6133084536017542,0.3247333483708869,0.5109696881862427,0.26627803529211136,4.5,108.4,78.0
170587,22539,CT,2026-06-25,8,0,5.0,6.3,0.4014551388285743,0.4937711453390681,0.49252461142572007,0.6295850465255454,9.0,105.7,78.0
170588,22539,CT,2026-06-25,8,0,6.0,33.5,0.1384443356596924,0.2637133534051981,0.13205288793432868,0.12921301955406636,21.0,97.7,82.0
170589,22539,CT,2026-06-25,8,0,7.0,9.1,0.318719724296287,0.347552510083203,0.40350038508971225,0.3647910883788969,13.0,105.1,69.0
170590,22539,CT,2026-06-25,8,0,8.0,9.2,0.3317983586872255,0.5702085518758033,0.30413927596058116,0.620720023968454,5.0,106.2,79.0
116152,14831,GP,2026-06-26,1,1,1.0,11.7,0.2812785066917753,0.453172703408503,0.23612643563063285,0.3800303162415804,11.0,107.0,
116153,14831,GP,2026-06-26,1,1,2.0,4.3,0.4823408515505198,0.4765075711397339,0.33840553202335355,0.4270352364148192,4.0,109.4,61.0
116154,14831,GP,2026-06-26,1,1,3.0,1.7,0.6678821602291698,0.3780540997246312,0.778286046539608,0.5242318626881026,9.0,104.8,67.0
116155,14831,GP,2026-06-26,1,0,4.0,43.9,0.1153857586043908,0.2652419784843939,0.13094156200094423,0.1889395086202105,21.0,90.3,72.0
116156,14831,GP,2026-06-26,1,0,5.0,5.5,0.4061348450880711,0.2152576170566268,0.38243183397714814,0.161050589728632,11.0,98.6,65.0
116157,14831,GP,2026-06-26,1,0,6.0,3.0,0.5688602883204067,0.5690422000009666,0.49759413573819283,0.5267032740930501,,109.4,70.0
116158,14831,GP,2026-06-26,1,0,7.0,5.6,0.4268911941594501,0.5126588398301116,0.38633660608772097,0.5617989873821521,3.0,107.0,69.0
116159,14832,GP,2026-06-26,2,1,1.0,1.7,0.7545877477820453,0.6766661604269815,0.6216537486230435,0.5257453817640988,5.5,,
116160,14832,GP,2026-06-26,2,1,2.0,4.3,0.5523861582407306,0.5443378469958698,0.40436042887936713,0.45582603782223197,6.0,,
116161,14832,GP,2026-06-26,2,1,3.0,1.2,0.8022781639424905,0.6563710505220368,0.6966001786909352,0.6148710493861176,3.0,,
116162,14832,GP,2026-06-26,2,0,4.0,5.7,0.4889436985431001,0.664037020103485,0.4125770283493872,0.6058027772156698,7.0,,
116163,14832,GP,2026-06-26,2,0,5.0,14.3,0.2757428976773075,0.400114953441943,0.27170573766984585,0.41126549957989744,16.0,95.3,42.0
116165,14833,GP,2026-06-26,3,1,2.0,3.3,0.602634876357576,0.6201256729246377,0.38391947352675987,0.5273576998651559,3.5,115.4,
116166,14833,GP,2026-06-26,3,1,3.0,7.8,0.3932798800132076,0.5209287938749461,0.4250377243573307,0.5735507131465802,9.0,109.0,79.0
116167,14833,GP,2026-06-26,3,0,4.0,4.9,0.5067505558027835,0.5992585680645555,0.5054170164955794,0.7405982569092101,6.0,119.0,78.0
116168,14833,GP,2026-06-26,3,0,5.0,4.0,0.5596196492974769,0.645016981817523,0.51671859679716,0.6575639618536657,5.0,114.2,80.0
116169,14834,GP,2026-06-26,4,1,1.0,4.3,0.6343561710461738,0.5833743133136106,0.34416004405863987,0.411085549959809,3.0,104.7,62.0
116170,14834,GP,2026-06-26,4,1,2.0,11.5,0.3884235758725334,0.5811092616428294,0.48880508307912174,0.770701642207688,5.5,107.9,72.0
116171,14834,GP,2026-06-26,4,1,3.0,5.3,0.5828430237928632,0.5602925159911941,0.44760414871121257,0.44176351381820084,3.5,107.3,72.0
116172,14834,GP,2026-06-26,4,0,4.0,0.4,0.9228453441705784,0.7474927636031469,0.9668091553580652,0.895393310732018,,121.5,78.0
116173,14834,GP,2026-06-26,4,0,5.0,27.9,0.2150982157031394,0.3629149134768389,0.05372222317705314,0.045055087066219454,16.0,89.7,40.0
116174,14834,GP,2026-06-26,4,0,6.0,23.3,0.2407440717290328,0.3529628691051996,0.4387334516609914,0.4597605201469961,16.0,101.5,75.0
116175,14835,GP,2026-06-26,5,1,1.0,3.7,0.47745388304961,0.3500833950714192,0.4597189361506152,0.3530130738894337,4.5,113.5,88.0
116176,14835,GP,2026-06-26,5,1,2.0,11.1,0.2722938210892288,0.4175183662100606,0.263793054812994,0.4106871886652842,16.0,116.3,74.0
116177,14835,GP,2026-06-26,5,1,3.0,16.1,0.2065290604597472,0.2257379469648645,0.0659274631000261,0.04458715084891175,16.0,104.3,71.0
116178,14835,GP,2026-06-26,5,0,4.0,2.9,0.5353778885439461,0.4339576806080693,0.5744521457655002,0.5897871254561067,4.0,115.9,87.0
116179,14835,GP,2026-06-26,5,0,5.0,4.4,0.4619366734941098,0.6240223479990512,0.4875272890880647,0.6513648821746153,9.0,119.0,75.0
116180,14835,GP,2026-06-26,5,0,6.0,6.2,0.3779046798535294,0.4399524740244077,0.37008246531220773,0.4337030783820829,9.0,120.2,76.0
116181,14835,GP,2026-06-26,5,0,7.0,4.4,0.438027186013568,0.3152953261251372,0.4970164596286475,0.34337199880939845,,112.2,74.0
116182,14835,GP,2026-06-26,5,0,8.0,9.6,0.2716298105376222,0.126441531563973,0.18831236481820252,0.07254585247375925,11.0,110.1,79.0
116183,14836,GP,2026-06-26,6,1,1.0,5.1,0.4701458028532731,0.6303660825329541,0.3692537202303641,0.5919732444334783,3.5,124.2,88.0
116184,14836,GP,2026-06-26,6,1,2.0,9.6,0.3249773572651679,0.4573811361470739,0.5301289959617177,0.7090569145116317,7.0,122.2,85.0
116185,14836,GP,2026-06-26,6,1,3.0,3.1,0.5792923814339815,0.5576362018663691,0.5527191661211178,0.5519155331018397,5.0,127.6,87.0
116186,14836,GP,2026-06-26,6,0,4.0,1.6,0.7121347158135559,0.6049867522076247,0.6877382443817639,0.634793220369298,3.0,131.7,91.0
116187,14836,GP,2026-06-26,6,0,5.0,2.6,0.6157318046179108,0.5359820049486036,0.6358559203114641,0.6574085916544287,4.5,124.4,92.0
116188,14836,GP,2026-06-26,6,0,6.0,32.4,0.1463900995805618,0.2879345668733258,0.2678592513504057,0.26364251703536407,21.0,116.3,84.0
116189,14836,GP,2026-06-26,6,0,7.0,41.6,0.1253932919253406,0.3235713643821076,0.13274328760761156,0.23620647022114089,16.0,116.5,89.0
116190,14837,GP,2026-06-26,7,1,1.0,1.1,0.8466311620825975,0.7442752828031793,0.8446114167329706,0.8025138915709681,2.4,131.7,94.0
116191,14837,GP,2026-06-26,7,1,2.0,2.0,0.7747703354845873,0.7965645117368368,0.7357789242165796,0.8521366267833592,2.8,129.3,87.0
116192,14837,GP,2026-06-26,7,1,3.0,11.2,0.3472518318241469,0.6333743673656137,0.3185780304940894,0.6178917504886272,9.0,123.7,91.0
116193,14837,GP,2026-06-26,7,0,4.0,2.5,0.7392013237790958,0.8153823895941715,0.7762336179360051,0.8538677049533765,6.0,132.9,97.0
116194,14837,GP,2026-06-26,7,0,5.0,22.7,0.2221609096257786,0.5567299049276127,0.19105609128255435,0.25965706441456066,21.0,116.9,82.0
116195,14838,GP,2026-06-26,8,1,1.0,2.5,0.6195897950587314,0.3320116020127531,0.6017373814197368,0.3535184335290324,6.0,116.1,86.0
116196,14838,GP,2026-06-26,8,1,2.0,2.8,0.6054575941376915,0.4668045211376045,0.785458757347599,0.7663723714993452,3.5,125.0,87.0
116197,14838,GP,2026-06-26,8,1,3.0,1.4,0.742454804061711,0.5941560816498627,0.8639000096883049,0.7860980286434368,,128.3,91.0
116198,14838,GP,2026-06-26,8,0,4.0,34.0,0.1425296249043437,0.2640865145012676,0.08220853718174505,0.08793034033441492,21.0,111.1,70.0
116199,14838,GP,2026-06-26,8,0,5.0,6.6,0.4023309101141736,0.4108673364580242,0.3605480163842336,0.3317997791353182,5.5,119.5,76.0
116200,14838,GP,2026-06-26,8,0,6.0,8.1,0.3661266803848841,0.5062380816064932,0.25369658550701074,0.3658619006200076,7.0,116.3,76.0
